2;0001;004;0076;ARCHIVADOR, MATERIAL: FORMICA, COLOR: NEGRO CON ROYAL CHERRY;;;;FORMICA;NEGRO CON ROYAL CHERRY;BUENO
2;0001;004;0205;ARCHIVADOR, COLOR: NEGRO Y ROYAL CHERRY;;;;;NEGRO Y ROYAL CHERRY;BUENO
2;0001;004;0211;ARCHIVADOR, COLOR: NEGRO Y ROYAL CHERRY;;;;;NEGRO Y ROYAL CHERRY;BUENO
2;0001;011;0319;ASTA, MATERIAL: MADERA;;;;MADERA;;BUENO
2;0001;011;0320;ASTA, MATERIAL: MADERA;;;;MADERA;;REGULAR
2;0001;012;0220;BILBIOTECA, MATERIAL: FORMICA/VIDRIO, COLOR: NEGRO Y ROYAL CHERRY;;;;FORMICA/VIDRIO;NEGRO Y ROYAL CHERRY;BUENO
2;0001;020;0308;CARTELERA, MATERIAL: MADERA, COLOR: NEGRO;;;;MADERA;NEGRO;BUENO
2;0001;020;0309;CARTELERA, MATERIAL: MADERA, COLOR: NEGRO;;;;MADERA;NEGRO;BUENO
2;0001;028;0619;PROCESADOR, MARCA: INTEL PENTIUM ,SERIAL: 2L221191A515, MATERIAL: ALUMINIO, COLOR: NEGRO;INTEL PENTIUM;;;ALUMINIO;NEGRO;BUENO
2;0001;042;0079;ESCRITORIO, MATERIAL: FORMICA, COLOR: CHERRY CON NEGRO;;;;FORMICA;CHERRY CON NEGRO;BUENO
2;0001;042;0080;ESCRITORIO, MATERIAL: FORMICA, COLOR: CHERRY CON NEGRO;;;;FORMICA;CHERRY CON NEGRO;BUENO
2;0001;056;0265;GRABADORA , MARCA: PANASONIC,MODELO: RR-US395,SERIAL: FF6LA01807R;PANASONIC;RR-US395;;;;BUENO
2;0001;073;0226;MESA, MATERIAL: FORMICA, COLOR: NEGRO CON CHERRY;;;;FORMICA;NEGRO CON CHERRY;BUENO
2;0001;073;0273;MESA, MATERIAL: FORMICA, COLOR: ROYAL CHERRY;;;;FORMICA;ROYAL CHERRY;BUENO
2;0001;085;0269;PIZARRA, COLOR: BLANCO;;;;;BLANCO;BUENO
2;0001;085;0538;PIZARRA ACRILICA;;;;;;BUENO
2;0001;100;0439;SACAPUNTA , MARCA: EAGLE,MODELO: TY838,SERIAL: S/S;EAGLE;TY838;;;;BUENO
2;0001;102;0008;SILLA , MATERIAL: CUERO, COLOR: NEGRO;;;;CUERO;NEGRO;BUENO
2;0001;102;0009;SILLA , MATERIAL: TELA, COLOR: NEGRO;;;;TELA;NEGRO;BUENO
2;0001;102;0015;SILLA , MATERIAL: TELA, COLOR: NEGRO;;;;TELA;NEGRO;BUENO
2;0001;102;0160;SILLA,MODELO: GENOVA, MATERIAL: TELA, COLOR: NEGRO;;GENOVA;;TELA;NEGRO;BUENO
2;0001;102;0229;SILLA, MATERIAL: TELA, COLOR: NEGRO;;;;TELA;NEGRO;BUENO
2;0001;102;0231;SILLA, MATERIAL: TELA, COLOR: NEGRO;;;;TELA;NEGRO;BUENO
2;0001;102;0232;SILLA, MATERIAL: TELA, COLOR: NEGRO;;;;TELA;NEGRO;BUENO
2;0001;102;0235;SILLA, MATERIAL: TELA, COLOR: NEGRO;;;;TELA;NEGRO;BUENO
2;0001;102;0236;SILLA, MATERIAL: TELA, COLOR: NEGRO;;;;TELA;NEGRO;BUENO
2;0001;102;0237;SILLA, MATERIAL: TELA, COLOR: NEGRO;;;;TELA;NEGRO;BUENO
2;0001;102;0239;SILLA, MATERIAL: TELA, COLOR: NEGRO;;;;TELA;NEGRO;BUENO
2;0001;102;0495;SILLA FIJA,MODELO: GENOVA IMPORTADA, MATERIAL: TELA, COLOR: NEGRO;;GENOVA IMPORTADA;;TELA;NEGRO;BUENO
2;0001;102;0496;SILLA FIJA,MODELO: GENOVA IMPORTADA, MATERIAL: TELA, COLOR: NEGRO;;GENOVA IMPORTADA;;TELA;NEGRO;BUENO
2;0001;102;0497;SILLA FIJA,MODELO: GENOVA IMPORTADA, MATERIAL: TELA, COLOR: NEGRO;;GENOVA IMPORTADA;;TELA;NEGRO;BUENO
2;0001;105;0433;SUMADORA , MARCA: CASIO,MODELO: DR-120TM,SERIAL: 696AQ06RA083181, COLOR: BEIGE;CASIO;DR-120TM;;;BEIGE;BUENO
2;0001;108;0317;TELEFONO, MARCA: PANASONIC,MODELO: KX-TS500LXB,SERIAL: 71AAC838642, COLOR: NEGRO;PANASONIC;KX-TS500LXB;;;NEGRO;BUENO
2;0001;113;0240;TELEFONERA, MATERIAL: FORMICA, COLOR: NEGRO CON CHERRY ROYAL;;;;FORMICA;NEGRO CON CHERRY ROYAL;BUENO
2;0001;113;0504;TELEFONERA, MATERIAL: FORMICA, COLOR: CHERRY CON NEGRO;;;;FORMICA;CHERRY CON NEGRO;BUENO
2;0001;114;0499;PORTA CPU, COLOR: BLANCO;;;;;BLANCO;BUENO
2;0001;117;0567;PARAL DE AUDIO;;;;;;BUENO
2;0001;117;0568;PARAL DE AUDIO;;;;;;BUENO
2;0001;117;0569;PARAL DE TECLADO, COLOR: NEGRO;;;;;NEGRO;BUENO
2;0002;022;0093;BATIDOR ELECTRICO, MARCA: MIALLEGRO,MODELO: 9065,SERIAL: S/S, COLOR: BLANCO/AZUL;MIALLEGRO;9065;;;BLANCO/AZUL;BUENO
2;0002;029;0094;CAFETERA ELECTRICA, MARCA: MIALLEGRO,MODELO: 1090,SERIAL: S/S, COLOR: BLANCO/AZUL;MIALLEGRO;1090;;;BLANCO/AZUL;MALO
2;0002;066;0307;MUEBLE ESPECIAL, MATERIAL: FORMICA, COLOR: NEGRO COO CHERRY;;;;FORMICA;NEGRO COO CHERRY;BUENO
2;0002;105;0102;NEVERA,MODELO: 5.3,SERIAL: 060630-00664, COLOR: GRIS;;5.3;;;GRIS;MALO
2;0002;105;0203;NEVERA, MARCA: GENERAL PLUS,MODELO: GP-W60-INX,SERIAL: 061201675;GENERAL PLUS;GP-W60-INX;;;;BUENO
2;0002;149;0264;BASE PARA TELEVISOR, COLOR: PLATEADO;;;;;PLATEADO;BUENO
2;0005;003;0417;TARJETA DE RED,SERIAL: 097279593;;;;;;BUENO
2;0005;003;0460;ANTENA,SERIAL: NW122NXT120909201472;;;;;;MALO
2;0005;003;0678;ANTENA,SERIAL: 2887BA005507;;;;;;BUENO
2;0005;007;0314;CENTRAL TELEFONICA, MARCA: PANASONIC,MODELO: KX-T7730X,SERIAL: KX-T7730X71ASC591928, COLOR: BEIGE;PANASONIC;KX-T7730X;;;BEIGE;BUENO
2;0005;033;0090;FAX, MARCA: PANASONIC,MODELO: KX-FHD332,SERIAL: 6IABA136848, COLOR: BEIGE;PANASONIC;KX-FHD332;;;BEIGE;BUENO
2;0010;001;0001;AIRE ACONDICIONADO , MARCA: DP,MODELO: SPLIT,SERIAL: 0224, COLOR: BEIGE;DP;SPLIT;;;BEIGE;MALO
2;0010;001;0002;AIRE ACONDICIONADO , MARCA: DP,MODELO: SPLIT,SERIAL: 0229, COLOR: BEIGE;DP;SPLIT;;;BEIGE;MALO
2;0012;001;0075;HORNO , MARCA: LG,MODELO: MS-0745,SERIAL: 607TARU01726;LG;MS-0745;;;;BUENO
2;0012;002;0571;PLUG CONVERTIDOR, MARCA: SHURE,MODELO: DV2022K;SHURE;DV2022K;;;;BUENO
2;0012;003;0574;EXTENSION DE CORRIENTE Y REGLETA,MODELO: PN12DUI;;PN12DUI;;;;BUENO
2;0101;001;0033;COMPUTADOR, MARCA: AUSE,MODELO: 2.66 GHD101 DDRR512MB DD80GB ,SERIAL: IAS6218LC01112;AUSE;2.66 GHD101 DDRR512MB DD80GB;;;;MALO
2;0101;001;0118;COMPUTADOR, MARCA: XTECH,MODELO: INTEL PENTIUM,SERIAL: LO5916620600059;XTECH;INTEL PENTIUM;;;;BUENO
2;0101;001;0449;COMPUTADOR CPU,SERIAL: 003067A58E07;;;;;;BUENO
2;0101;002;0187;CORNETAS 03 PIEZAS, MARCA: SIRAGON,MODELO: SSP-340,SERIAL: VZGT0502SSP34001965;SIRAGON;SSP-340;;;;REGULAR
2;0101;004;0465;MOUSE, MARCA: S/M,MODELO: ID010GNK94,SERIAL: MX034410MOU98321174;S/M;ID010GNK94;;;;BUENO
2;0101;004;0541;MOUSE, MARCA: GENIUS,SERIAL: X73583207856;GENIUS;;;;;BUENO
2;0101;004;0542;MOUSE, MARCA: GENIUS,SERIAL: X66329801144;GENIUS;;;;;MALO
2;0101;005;0454;MONITOR , MARCA: ACER,MODELO: V183HL,SERIAL: ETLKF0D001043033828501;ACER;V183HL;;;;BUENO
2;0101;005;0594;MONITOR PANTALLA PLANA,MODELO: LS19A17300NS/ZM,SERIAL: ZTRPHVJBA03020Z, COLOR: GRIS;;LS19A17300NS/ZM;;;GRIS;MALO
2;0101;005;0646;MONITOR, MARCA: LENOVO,MODELO: 5047-HC2,SERIAL: VNC35WN, COLOR: NEGRO;LENOVO;5047-HC2;;;NEGRO;MALO
2;0101;005;0675;MONITOR, MARCA: HP,SERIAL: CNC05007N5;HP;;;;;BUENO
2;0101;007;0470;TECLADO,SERIAL: 20100466222703;;;;;;MALO
2;0101;007;0472;TECLADO,SERIAL: 20100466222714;;;;;;MALO
2;0101;007;0519;TECLADO, MARCA: GENIUS,MODELO: GK-070008/U,SERIAL: ZCE078402530, COLOR: NEGRO;GENIUS;GK-070008/U;;;NEGRO;BUENO
2;0101;008;0618;UPS,SERIAL: E1211035520, MATERIAL: PLASTICO, COLOR: NEGRO;;;;PLASTICO;NEGRO;BUENO
2;0101;009;0140;COMPUTADOR, MARCA: DELL CENTRINO ,SERIAL: 35169001597, COLOR: PLATEADO;DELL CENTRINO;;;;PLATEADO;BUENO
2;0101;010;0372;SCANER OCR,MODELO: DESKJET F 4280,SERIAL: CN88C2C1FK;;DESKJET F 4280;;;;BUENO
2;0101;010;0476;BAQUELA DE MEMORIA;;;;;;BUENO
2;0101;010;0544;BAQUELA DE MEMORIA,SERIAL: PS061-1510189;;;;;;BUENO
2;0101;010;0560;DISCO DURO, MARCA: SEAGATE,SERIAL: Z2A8VQ7Z;SEAGATE;;;;;BUENO
2;0101;010;0601;DISCO DURO, MARCA: HITACHI,SERIAL: FL2YR51K, MATERIAL: METAL;HITACHI;;;METAL;;BUENO
2;0101;010;0620;TARJETA MADRE, MARCA: ELITEGROUP,SERIAL: 15-ET1-0011000, MATERIAL: METAL/ACRALICO;ELITEGROUP;;;METAL/ACRALICO;;MALO
2;0101;011;0663;FUENTE DE PODER, MARCA: POWER SUPPLY,MODELO: ATX-550JM, COLOR: GRIS;POWER SUPPLY;ATX-550JM;;;GRIS;MALO
2;0101;015;0480;CARGADOR DE BATERIA , MARCA: DELL,MODELO: pa-1650-05d,SERIAL: CN-050092-94532-727-60432, COLOR: NEGRO;DELL;pa-1650-05d;;;NEGRO;MALO
2;0101;016;0481;BATERIA PARA CARGADOR LAPTO,SERIAL: S/S;;;;;;BUENO
2;0305;046;0566;CONSOLA PASIVA;;;;;;BUENO
2;0401;003;0259;VEHICULO, MARCA: CHEVROLERT,MODELO: GRAND VITARA,SERIAL: DEL MOTOR 87V359713, COLOR: GRIS;CHEVROLERT;GRAND VITARA;;;GRIS;BUENO
2;0401;003;0447;VEHICULO, MARCA: CHEVROLET,MODELO: OPTRA,SERIAL: 1, COLOR: AZUL SUPERIOR METALIZADO;CHEVROLET;OPTRA;;;AZUL SUPERIOR METALIZADO;BUENO
2;0702;023;0145;PANTALLA DE PROYECCION;;;;;;BUENO
2;0702;023;0532;PANTALLA DE PROYECCION;;;;;;BUENO
2;0702;026;0277;PROYECTOR DE PELICULAS, MARCA: BENQ,MODELO: MP611,SERIAL: PDT3701562SU0, COLOR: AZUL;BENQ;MP611;;;AZUL;REGULAR
2;0702;026;0474;PROYECTOR DE PELICULA, MARCA: LG,MODELO: BS274-SD,SERIAL: 010DTLY02720;LG;BS274-SD;;;;REGULAR
2;0702;028;0261;TELEVISOR, MARCA: HYUNDAI 20,SERIAL: 02-7-FE-A001405, COLOR: NEGRO;HYUNDAI 20;;;;NEGRO;REGULAR
2;0702;033;0384;APUNTADOR , MARCA: TARGUS WIRELESS,MODELO: AMP06US,SERIAL: 708003726;TARGUS WIRELESS;AMP06US;;;;BUENO
2;0702;147;0262;DVD, MARCA: HYUNDAI 20,MODELO: DV6824,SERIAL: 09-6MER012272, COLOR: NEGRO;HYUNDAI 20;DV6824;;;NEGRO;BUENO
2;0702;147;0570;DVD,MODELO: DV2022K,SERIAL: KHKD051702CS;;DV2022K;;;;BUENO
2;0803;013;0572;CAPITAN AUDIO AMPLIFICADA 12,MODELO: PN12DUI;;PN12DUI;;;;BUENO
2;0803;013;0573;CAPITAN AUDIO AMPLIFICADA 12,MODELO: PN12DUI;;PN12DUI;;;;BUENO
2;0001;004;0077;ARCHIVADOR, MATERIAL: MADERA/FORMICA, COLOR: NEGRO CON ROYAL CHERRY;;;;MADERA/FORMICA;NEGRO CON ROYAL CHERRY;BUENO
2;0001;004;0219;ARCHIVADOR, MATERIAL: MADERA/FORMICA, COLOR: NEGRO Y ROYAL CHERRY;;;;MADERA/FORMICA;NEGRO Y ROYAL CHERRY;BUENO
2;0001;004;0332;ARCHIVO, COLOR: CHERRY CON NEGRO;;;;;CHERRY CON NEGRO;BUENO
2;0001;004;0345;ARTURITO, MATERIAL: MADERA/FORMICA, COLOR: NEGRO CON CHERRY;;;;MADERA/FORMICA;NEGRO CON CHERRY;BUENO
2;0001;004;0346;ARTURITO, MATERIAL: MADERA/FORMICA, COLOR: NEGRO CON CHERRY;;;;MADERA/FORMICA;NEGRO CON CHERRY;BUENO
2;0001;004;0348;ARCHIVO , MATERIAL: MADERA/FORMICA, COLOR: NEGRO CON ROYAL CHERRY;;;;MADERA/FORMICA;NEGRO CON ROYAL CHERRY;BUENO
2;0001;004;0349;ARCHIVO , MATERIAL: MADERA/FORMICA, COLOR: NEGRO CON ROYAL CHERRY;;;;MADERA/FORMICA;NEGRO CON ROYAL CHERRY;BUENO
2;0001;004;0350;ARCHIVO , MATERIAL: MADERA/FORMICA, COLOR: NEGRO CON ROYAL CHERRY;;;;MADERA/FORMICA;NEGRO CON ROYAL CHERRY;BUENO
2;0001;004;0610;ARCHIVADOR, MATERIAL: MADERA/FORMICA, COLOR: NEGRO Y ROYAL CHERRY;;;;MADERA/FORMICA;NEGRO Y ROYAL CHERRY;BUENO
2;0001;012;0221;BIBLIOTECA, MATERIAL: FORMICA/VIDRIO, COLOR: NEGRO Y ROYAL CHERRY;;;;FORMICA/VIDRIO;NEGRO Y ROYAL CHERRY;BUENO
2;0001;020;0098;CARTELERA, MATERIAL: METAL/CORCHO;;;;METAL/CORCHO;;BUENO
2;0001;020;0267;CARTELERA;;;;;;BUENO
2;0001;028;0584;FOTOCOPIADORA, MARCA: CANON F190504,SERIAL: (21)DQJ08182, COLOR: BLANCO/GRIS;CANON F190504;;;;BLANCO/GRIS;REGULAR
2;0001;037;0415;ENFRIADOR, MARCA: FRIGILUX,SERIAL: *20080703161, COLOR: BLANCO CON AZUL;FRIGILUX;;;;BLANCO CON AZUL;BUENO
2;0001;039;0549;ASPIRADORA, MARCA: SAMURAI 1600 W,MODELO: SG2555WA,SERIAL: REF: SG2555WA/4Q0-3111R;SAMURAI 1600 W;SG2555WA;;;;BUENO
2;0001;042;0222;ESCRITORIO, COLOR: NEGRO Y ROYAL CHERRY;;;;;NEGRO Y ROYAL CHERRY;BUENO
2;0001;042;0223;ESCRITORIO, MATERIAL: FORMICA/METAL, COLOR: NEGRO Y ROYAL CHERRY;;;;FORMICA/METAL;NEGRO Y ROYAL CHERRY;BUENO
2;0001;042;0310;ESCRITORIO, MATERIAL: FORMICA Y METAL, COLOR: NEGRO CON ROYAL CHERRY;;;;FORMICA Y METAL;NEGRO CON ROYAL CHERRY;BUENO
2;0001;042;0353;ESCRITORIO, MATERIAL: FORMICA, COLOR: NEGRO CON ROYAL CHERRY;;;;FORMICA;NEGRO CON ROYAL CHERRY;BUENO
2;0001;042;0482;ESCRITORIO, MATERIAL: FORMICA, COLOR: CHERRY CON NEGRO;;;;FORMICA;CHERRY CON NEGRO;BUENO
2;0001;042;0590;ESCRITORIO, MATERIAL: FORMICA, COLOR: NEGRO CON ROYAL CHERRY;;;;FORMICA;NEGRO CON ROYAL CHERRY;BUENO
2;0001;055;0099;GUILLOTINA, MARCA: KW-TRIO 3913,SERIAL: S/S;KW-TRIO 3913;;;;;BUENO
2;0001;055;0585;GUILLOTINA, MARCA: PREMIER 12, MATERIAL: METAL, COLOR: BLANCO;PREMIER 12;;;METAL;BLANCO;BUENO
2;0001;056;0260;GRABADORA, MARCA: PANASONIC,MODELO: RR-US395,SERIAL: FF6LA01806R, COLOR: PLATEADO;PANASONIC;RR-US395;;;PLATEADO;MALO
2;0001;073;0225;MESA, MATERIAL: MADERA/FORMICA, COLOR: NEGRO CON CHERRY;;;;MADERA/FORMICA;NEGRO CON CHERRY;BUENO
2;0001;073;0582;MESA, MATERIAL: METAL, COLOR: NEGRA;;;;METAL;NEGRA;BUENO
2;0001;096;0257;RELO DE PARED, MARCA: CASIO,MODELO: ID-15 THERMOMETE, MATERIAL: METAL/VIDRIO;CASIO;ID-15 THERMOMETE;;METAL/VIDRIO;;BUENO
2;0001;100;0577;SACAPUNTA, MARCA: X ACTO,MODELO: 18XXXCN,SERIAL: S/S, COLOR: NEGRO;X ACTO;18XXXCN;;;NEGRO;MALO
2;0001;100;0578;SACAPUNTA, MARCA: X ACTO,MODELO: 18XXXCN ,SERIAL: S/S, COLOR: DORADO;X ACTO;18XXXCN;;;DORADO;BUENO
2;0001;102;0007;SILLA , MATERIAL: TELA, COLOR: NEGRO;;;;TELA;NEGRO;BUENO
2;0001;102;0019;SILLA , MATERIAL: TELA, COLOR: NEGRO;;;;TELA;NEGRO;BUENO
2;0001;102;0022;SILLA , MATERIAL: TELA, COLOR: NEGRO;;;;TELA;NEGRO;BUENO
2;0001;102;0023;SILLA , MATERIAL: TELA, COLOR: NEGRO;;;;TELA;NEGRO;BUENO
2;0001;102;0158;SILLA,MODELO: GENOVA, MATERIAL: TELA, COLOR: NEGRO;;GENOVA;;TELA;NEGRO;BUENO
2;0001;102;0159;SILLA,MODELO: GENOVA, MATERIAL: TELA, COLOR: NEGRO;;GENOVA;;TELA;NEGRO;BUENO
2;0001;102;0312;SILLA, MATERIAL: TELA, COLOR: NEGRO;;;;TELA;NEGRO;BUENO
2;0001;102;0342;SILLA,MODELO: BRUZELA ERGONOMICA, MATERIAL: TELA, COLOR: NEGRA;;BRUZELA ERGONOMICA;;TELA;NEGRA;BUENO
2;0001;102;0356;SILLA CON BRAZOS, CON BASE NYLON SISTEMA NEUMATICO,MODELO: BRUSELA ERGONOMICA, MATERIAL: TELA, COLOR: NEGRO;;BRUSELA ERGONOMICA;;TELA;NEGRO;REGULAR
2;0001;102;0492;SILLA CON BRAZOS, BASE DE NYLON Y SISTEMA NEUMATICO,MODELO: BRUSELA ERGONOMICA, MATERIAL: TELA, COLOR: NEGRO;;BRUSELA ERGONOMICA;;TELA;NEGRO;BUENO
2;0001;102;0494;SILLA CON BRAZOS, BASE DE NYLON Y SISTEMA NEUMATICO,MODELO: BRUSELA ERGONOMICA, MATERIAL: TELA, COLOR: NEGRO;;BRUSELA ERGONOMICA;;TELA;NEGRO;REGULAR
2;0001;102;0604;SILLA, MARCA: BERLIN,MODELO: EJECUTIVA, MATERIAL: TELA, COLOR: NEGRO;BERLIN;EJECUTIVA;;TELA;NEGRO;BUENO
2;0001;102;0608;SILLA,MODELO: GENOVA IMPORTADA, MATERIAL: TELA, COLOR: NEGRO;;GENOVA IMPORTADA;;TELA;NEGRO;BUENO
2;0001;102;0609;SILLA,MODELO: GENOVA IMPORTADA, MATERIAL: TELA, COLOR: NEGRO;;GENOVA IMPORTADA;;TELA;NEGRO;BUENO
2;0001;102;0644;SILLA SECRETARIAL, MATERIAL: PLASTICO/TELA, COLOR: NEGRO;;;;PLASTICO/TELA;NEGRO;MUY BUENO
2;0001;105;0112;SUMADORA, MARCA: CANON,MODELO: MP41DHII,SERIAL: 20067903;CANON;MP41DHII;;;;REGULAR
2;0001;105;0114;SUMADORA, MARCA: CANON,MODELO: MP41DHII,SERIAL: 20067905;CANON;MP41DHII;;;;REGULAR
2;0001;105;0376;SUMADORA, MARCA: CASIO,MODELO: DR140TM,SERIAL: 620AQ87EA038786;CASIO;DR140TM;;;;BUENO
2;0001;105;0434;SUMADORA , MARCA: CASIO,MODELO: DR-120TM,SERIAL: 696AQ06RA083182;CASIO;DR-120TM;;;;BUENO
2;0001;105;0435;SUMADORA , MARCA: CASIO,MODELO: DR-120TM,SERIAL: 696AQ06RA083183;CASIO;DR-120TM;;;;MALO
2;0001;108;0437;TELEFONO INALAMBRICO, MARCA: PANASONIC,MODELO: KX-TG9333T,SERIAL: 01CXB078920;PANASONIC;KX-TG9333T;;;;BUENO
2;0001;113;0241;TELEFONERA, MATERIAL: FORMICA, COLOR: NEGRO CON CHERRY ROYAL;;;;FORMICA;NEGRO CON CHERRY ROYAL;BUENO
2;0001;114;0358;PORTA CPU, COLOR: NEGRO;;;;;NEGRO;REGULAR
2;0001;114;0359;PORTA CPU, COLOR: NEGRO;;;;;NEGRO;BUENO
2;0001;114;0361;PORTA CPU, MATERIAL: PLASTICO, COLOR: NEGRO;;;;PLASTICO;NEGRO;REGULAR
2;0001;114;0362;PORTA CPU, MATERIAL: PLASTICO, COLOR: NEGRO;;;;PLASTICO;NEGRO;BUENO
2;0001;114;0498;PORTA CPU, COLOR: BLANCO;;;;;BLANCO;REGULAR
2;0001;114;0500;PORTA CPU, COLOR: BLANCO;;;;;BLANCO;BUENO
2;0001;115;0503;CLOSET, MATERIAL: MADERA/FORMICA;;;;MADERA/FORMICA;;BUENO
2;0001;116;0581;CAJA PARA RESGUARDO DE FECTIVO, MATERIAL: METAL, COLOR: ANARANJADO;;;;METAL;ANARANJADO;BUENO
2;0002;057;0204;ESTANTE, MATERIAL: METAL, COLOR: GRIS;;;;METAL;GRIS;BUENO
2;0002;118;0414;PULIDORA, MARCA: YUPI,MODELO: UF522,SERIAL: MO522-58, COLOR: AZUL CON GRIS;YUPI;UF522;;;AZUL CON GRIS;BUENO
2;0002;148;0543;VAGON MOVIL,SERIAL: 8163;;;;;;BUENO
2;0005;003;0178;ANTENA,MODELO: 9DBIRT-TNC PLUG,SERIAL: S/S;;9DBIRT-TNC PLUG;;;;BUENO
2;0005;003;0321;ANTENA (TARJETA DE RED INALAMBRICA), MARCA: PCI LINKSYS,MODELO: GHZ WMP54G-LA,SERIAL: MDI407124946;PCI LINKSYS;GHZ WMP54G-LA;;;;BUENO
2;0005;003;0461;ANTENA,SERIAL: NW122NXT1209209203962;;;;;;MALO
2;0005;003;0462;ANTENA,SERIAL: NW122NXT1209209203963;;;;;;BUENO
2;0005;003;0679;ANTENA,SERIAL: C7525A9479BA;;;;;;BUENO
2;0005;008;0142;CONCENTRADOR ROUTER, MARCA: LYNKSYS,MODELO: WIRELESS-G 2.4 GHZ 802.11G,SERIAL: CDFB0F3K6673;LYNKSYS;WIRELESS-G 2.4 GHZ 802.11G;;;;REGULAR
2;0005;008;0325;CONCENTRADOR (ROUTER), MARCA: BUFALO,MODELO: WHR-HP-G54,SERIAL: 84074684327274G;BUFALO;WHR-HP-G54;;;;BUENO
2;0005;008;0588;ROUTER, MARCA: TL-WR741ND,SERIAL: 11471518389, COLOR: BLANCO;TL-WR741ND;;;;BLANCO;BUENO
2;0005;008;0624;ROUTER, MARCA: CISCO LINKSYS,MODELO: E2500,SERIAL: 10A20C62330755, MATERIAL: PLASTICO, COLOR: NEGRO;CISCO LINKSYS;E2500;;PLASTICO;NEGRO;BUENO
2;0005;008;0625;ROUTER, MARCA: CISCO LINKSYS,MODELO: E1200,SERIAL: 10822C66306500, MATERIAL: PLASTICO, COLOR: NEGRO;CISCO LINKSYS;E1200;;PLASTICO;NEGRO;BUENO
2;0005;037;0318;MODEN, MARCA: HUAWEI,MODELO: MTN 882 NJURID 1,SERIAL: 1177X16A49270, COLOR: NEGRO;HUAWEI;MTN 882 NJURID 1;;;NEGRO;BUENO
2;0005;039;0547;GPS,MODELO: INGEOMAPS,SERIAL: CF110600052768;;INGEOMAPS;;;;BUENO
2;0005;040;0645;CAMARA DE VIGILANCIA;;;;;;BUENO
2;0005;040;0660;CAMARAS, MARCA: HD CAMERA,MODELO: D4812,SERIAL: 920162004, COLOR: BLANCO;HD CAMERA;D4812;;;BLANCO;BUENO
2;0005;040;0661;CAMARA, MARCA: HD INFRARED WATERPROOF,MODELO: GLTB1200,SERIAL: 3120163021, COLOR: BLANCO;HD INFRARED WATERPROOF;GLTB1200;;;BLANCO;BUENO
2;0010;001;0003;AIRE ACONDICIONADO , MARCA: DP,MODELO: DAC-24CS/G2,SERIAL: 284, COLOR: BEIGE;DP;DAC-24CS/G2;;;BEIGE;MALO
2;0012;005;0652;MEMORIA RAM , MARCA: DATO TEK,MODELO: O81521G,SERIAL: 0000457537, COLOR: VERDE;DATO TEK;O81521G;;;VERDE;MUY BUENO
2;0012;005;0655;MEMORIA RAM, MARCA: KINGSTON,MODELO: KVR400X64C34/1G, COLOR: VERDE;KINGSTON;KVR400X64C34/1G;;;VERDE;BUENO
2;0101;001;0280;COMPUTADOR(CPU9,SERIAL: 1L648G679;;;;;;MALO
2;0101;001;0365;COMPUTADOR , MARCA: SIN MARCA,SERIAL: UY30828072838;SIN MARCA;;;;;BUENO
2;0101;001;0385;COMPUTADOR CPU, MARCA: TECH,MODELO: ATX MICRO ATX MB,SERIAL: 89MOX1052775;TECH;ATX MICRO ATX MB;;;;BUENO
2;0101;001;0450;COMPUTADOR CPU,SERIAL: 003067A5943D;;;;;;BUENO
2;0101;001;0451;COMPUTADOR CPU,SERIAL: 003067A594AE;;;;;;BUENO
2;0101;001;0603;COMPUTADOR, MARCA: AZZA,MODELO: TOLEDO,SERIAL: S/SERIAL, COLOR: NEGRO;AZZA;TOLEDO;;;NEGRO;BUENO
2;0101;001;0668;CPU, MARCA: HP,SERIAL: MXL02610NB;HP;;;;;BUENO
2;0101;001;0674;COMPUTADOR (CPU), MARCA: HP ,SERIAL: MXL3452W84;HP;;;;;BUENO
2;0101;001;0680;COMPUTADOR (CPU),SERIAL: MXL3430CDH;;;;;;BUENO
2;0101;002;0189;CORNETAS 03 PIEZAS, MARCA: SIRAGON,MODELO: SSP-340,SERIAL: VZGT0502SSP34001966;SIRAGON;SSP-340;;;;MALO
2;0101;003;0041;IMPRESORA, MARCA: HP,MODELO: HP-1020,SERIAL: CNBK420739;HP;HP-1020;;;;BUENO
2;0101;003;0579;IMPRESORA MULTIFUNCIONAL, MARCA: HP LASERJET 1536DNF MFP,SERIAL: CNC9C54D8D, COLOR: NEGRO;HP LASERJET 1536DNF MFP;;;;NEGRO;REGULAR
2;0101;003;0580;IMPRESORA MULTIFUNCIONAL, MARCA: HP LASERJET PROCM1415,SERIAL: CNH8C9H1H6, COLOR: BLANCO CON NEGRO;HP LASERJET PROCM1415;;;;BLANCO CON NEGRO;BUENO
2;0101;003;0627;IMPRESORA MATRIZ DE PUNTO, MARCA: EPSOM,MODELO: PA71A,SERIAL: *Q75Y043880*, MATERIAL: PLASTICO, COLOR: GRIS;EPSOM;PA71A;;PLASTICO;GRIS;BUENO
2;0101;004;0192;MOUSE OPTICO, MARCA: TECH,MODELO: OP-50D,SERIAL: (21)612506126;TECH;OP-50D;;;;REGULAR
2;0101;004;0289;MOUSE, MARCA: GK-158,MODELO: GM168,SERIAL: 139797002929;GK-158;GM168;;;;REGULAR
2;0101;004;0466;MOUSE, MARCA: S/M,MODELO: ID010GNK94,SERIAL: MX034410MOU98321146;S/M;ID010GNK94;;;;BUENO
2;0101;004;0467;MOUSE, MARCA: S/M,MODELO: ID010GNK94,SERIAL: MX034410MOU98321159;S/M;ID010GNK94;;;;BUENO
2;0101;004;0553;MOUSE, MARCA: MAXELL,MODELO: MOWR-101,SERIAL: 021354041AC05450, COLOR: NEGRO CON GRIS;MAXELL;MOWR-101;;;NEGRO CON GRIS;BUENO
2;0101;004;0677;MOUSE,SERIAL: FFE17CHSBAL6B;;;;;;BUENO
2;0101;004;0683;MOUSE,SERIAL: HH88RX6P3P5IQIG;;;;;;BUENO
2;0101;005;0293;MONITOR, MARCA: ENVISION,MODELO: H17OL,SERIAL: 90868CA008948;ENVISION;H17OL;;;;REGULAR
2;0101;005;0389;MONITOR, MARCA: SAMSUNG,MODELO: LS17PENSF/XBM,SERIAL: PE17HVKQA02245L;SAMSUNG;LS17PENSF/XBM;;;;BUENO
2;0101;005;0456;MONITOR , MARCA: ACER,MODELO: V183HL,SERIAL: ETLKF0D001043033F38501;ACER;V183HL;;;;BUENO
2;0101;005;0614;MONITOR LG LED 18,5 E,MODELO: LG,SERIAL: 212NDCR33755, MATERIAL: PLASTICO, COLOR: NEGRO;;LG;;PLASTICO;NEGRO;BUENO
2;0101;005;0681;MONITOR,SERIAL: CNC0220VM0;;;;;;BUENO
2;0101;006;0667;REGULADOR DE VOLTAGE, MARCA: AVTEK,MODELO: RPC PLUS 600 6T,SERIAL: 2010060264, COLOR: GRIS;AVTEK;RPC PLUS 600 6T;;;GRIS;BUENO
2;0101;007;0197;TECLADO ESPAÑOL, MARCA: GENIUS,MODELO: KL-0210,SERIAL: ZCA6AK800866;GENIUS;KL-0210;;;;MALO
2;0101;007;0198;TECLADO ESPAÑOL, MARCA: GENIUS,MODELO: KL0210,SERIAL: ZCA6AK800869;GENIUS;KL0210;;;;MALO
2;0101;007;0298;TECLADO, MARCA: GK-158,MODELO: GB80135,SERIAL: 2L728A213;GK-158;GB80135;;;;MALO
2;0101;007;0471;TECLADO,SERIAL: 20100466222706;;;;;;REGULAR
2;0101;007;0563;TECLADO, MARCA: GENIUS,MODELO: GK-070008/U,SERIAL: ZCE171000131, COLOR: NEGRO;GENIUS;GK-070008/U;;;NEGRO;BUENO
2;0101;007;0629;TECLADO PARA COMPUTADOR, MARCA: GENIUS,MODELO: GK-070008/U,SERIAL: ZCE460700603, MATERIAL: PLASTICO, COLOR: NEGRO;GENIUS;GK-070008/U;;PLASTICO;NEGRO;REGULAR
2;0101;007;0676;TECLADO, MARCA: NEXCOM,SERIAL: KOXHI5JNSL7DDC;NEXCOM;;;;;BUENO
2;0101;007;0682;TECLADO,SERIAL: QIVK8AO8BKI6FX;;;;;;BUENO
2;0101;008;0302;UPS, MARCA: INTEGRA TECH,MODELO: OFFICE PLUS 650,SERIAL: H-417701291;INTEGRA TECH;OFFICE PLUS 650;;;;BUENO
2;0101;008;0426;UPS,MODELO: AITEG650 LCD,SERIAL: N. DE BARRA *221009301253*;;AITEG650 LCD;;;;MALO
2;0101;008;0427;UPS,MODELO: AITEG650 LCD,SERIAL: N. DE BARRA *221009301259*;;AITEG650 LCD;;;;BUENO
2;0101;008;0430;UPS,MODELO: IATEG650 LCD,SERIAL: N. DE BARRA *221009301508*;;IATEG650 LCD;;;;MALO
2;0101;008;0432;UPS, MARCA: AITEG,MODELO: AITEG650 LCD,SERIAL: N. DE BARRA *221009301506*, COLOR: NEGRO;AITEG;AITEG650 LCD;;;NEGRO;MALO
2;0101;008;0597;UPS, MARCA: ISONIC,MODELO: 1000VA,SERIAL: E1201026536, MATERIAL: METAL, COLOR: NEGRO;ISONIC;1000VA;;METAL;NEGRO;BUENO
2;0101;008;0598;UPS, MARCA: ISONIC,MODELO: 1000VA,SERIAL: E1201026537, MATERIAL: METAL, COLOR: NEGRO;ISONIC;1000VA;;METAL;NEGRO;BUENO
2;0101;008;0617;UPS,SERIAL: E12111035921, MATERIAL: PLASTICO, COLOR: NEGRO;;;;PLASTICO;NEGRO;BUENO
2;0101;009;0565;COMPUTADOR PORTATIL, MARCA: SAMSUNG,MODELO: CODE NP-R440JA09VE,SERIAL: BZF293HB400125H;SAMSUNG;CODE NP-R440JA09VE;;;;BUENO
2;0101;010;0621;MEMORIA RAM,MODELO: KVR1333D3S8N9,SERIAL: 0000005893249;;KVR1333D3S8N9;;;;BUENO
2;0101;010;0622;DISCO DURO, MARCA: WESTER DIGITAL,MODELO: WD3200AAJ5, MATERIAL: METAL, COLOR: GRIS;WESTER DIGITAL;WD3200AAJ5;;METAL;GRIS;BUENO
2;0101;010;0623;DISCO DURO PORTATIL, MARCA: WASH,SERIAL: 6588630015, MATERIAL: PLASTICO, COLOR: NEGRO;WASH;;;PLASTICO;NEGRO;BUENO
2;0101;010;0637;MEMORIA RAM,SERIAL: 87LOR-ABV- 1MI 8-GWNY;;;;;;MALO
2;0101;010;0649;DISCO DURO, MARCA: SEAGATE,MODELO: ST3320413CS,SERIAL: 9VV384EG, COLOR: GRIS;SEAGATE;ST3320413CS;;;GRIS;BUENO
2;0101;010;0650;DISCO DURO, MARCA: SEAGATE,MODELO: ST3320413CS,SERIAL: 9VV37Y1L, COLOR: GRIS;SEAGATE;ST3320413CS;;;GRIS;BUENO
2;0101;010;0657;TARJETA DE VIDEO, MARCA: ATI,MODELO: PCI 8MB SDR VGA CARD,SERIAL: XL8MBPCI16050054, COLOR: VERDE;ATI;PCI 8MB SDR VGA CARD;;;VERDE;MALO
2;0101;011;0628;FUENTE DE PODER, MATERIAL: METAL, COLOR: GRIS;;;;METAL;GRIS;MALO
2;0101;011;0639;FUENTE DE PODER;;;;;;BUENO
2;0101;011;0662;FUENTE DE PODER, MARCA: POWER SUPPLY,MODELO: ATX-550JM, COLOR: GRIS;POWER SUPPLY;ATX-550JM;;;GRIS;BUENO
2;0101;012;0163;SISTEMA INTEGRADO ADMINISTRAIVO( SIA );;;;;;BUENO
2;0101;012;0364;MODULO NOMINA;;;;;;BUENO
2;0101;012;0583;MODULO CONTROL DE BIENES;;;;;;BUENO
2;0101;013;0413;EQUIPO BIOMETRICO,SERIAL: 22610193;;;;;;MALO
2;0101;017;0630;PROCESADOR, MARCA: ASROCK,MODELO: D1800M,SERIAL: 4AMOXD002362;ASROCK;D1800M;;;;BUENO
2;0101;017;0631;PROCESADOR, MARCA: ASROCK,MODELO: D1800M,SERIAL: 4AM0XE043403;ASROCK;D1800M;;;;BUENO
2;0101;017;0632;PROCESADOR, MARCA: ASROCK,MODELO: D1800M,SERIAL: 4AM0XE043402;ASROCK;D1800M;;;;BUENO
2;0305;016;0026;CAMARA, MARCA: HP,MODELO: SNPRB-0501,SERIAL: CN64C241RK;HP;SNPRB-0501;;;;REGULAR
2;0305;016;0182;VIDEO CAMARA, MARCA: GENIUS,MODELO: GE111,SERIAL: 125059703767;GENIUS;GE111;;;;MALO
2;0305;016;0183;VIDEO CAMARA, MARCA: GENIUS,MODELO: GE111,SERIAL: 125059713775;GENIUS;GE111;;;;MALO
2;0305;016;0558;CAMARA DIGITAL, MARCA: SAMSUM,SERIAL: 8733C90B900394X;SAMSUM;;;;;BUENO
2;0305;037;0097;ENCUADERNADORA, MARCA: BIN MASTER,SERIAL: 2005-12-0465, COLOR: BEIS;BIN MASTER;;;;BEIS;BUENO
2;0001;004;0255;ARCHIVADOR, MATERIAL: FORMICA, COLOR: NEGRA Y ROYAL CHERRY;;;;FORMICA;NEGRA Y ROYAL CHERRY;BUENO
2;0001;004;0256;ARCHIVADOR, MATERIAL: FORMICA, COLOR: NEGRA Y ROYAL CHERRY;;;;FORMICA;NEGRA Y ROYAL CHERRY;BUENO
2;0001;012;0089;BIBLIOTECA, MATERIAL: FORMICA, COLOR: CHERRY CON NEGRO;;;;FORMICA;CHERRY CON NEGRO;BUENO
2;0001;020;0268;CARTELERA;;;;;;BUENO
2;0001;042;0082;ESCRITORIO, MATERIAL: FORMICA, COLOR: CHERRY CON NEGRO;;;;FORMICA;CHERRY CON NEGRO;BUENO
2;0001;042;0483;ESCRITORIO, MATERIAL: FORMICA, COLOR: CHERRY CON NEGRO;;;;FORMICA;CHERRY CON NEGRO;BUENO
2;0001;100;0443;SACAPUNTA , MARCA: EAGLE,SERIAL: S/S;EAGLE;;;;;BUENO
2;0001;102;0017;SILLA , MATERIAL: TELA, COLOR: NEGRO;;;;TELA;NEGRO;BUENO
2;0001;102;0018;SILLA , MATERIAL: TELA, COLOR: NEGRO;;;;TELA;NEGRO;BUENO
2;0001;102;0493;SILLA CON BRAZOS, BASE DE NYLON Y SISTEMA NEUMATICO,MODELO: BRUSELA ERGONOMICA, MATERIAL: TELA, COLOR: NEGRO;;BRUSELA ERGONOMICA;;TELA;NEGRO;REGULAR
2;0001;102;0605;SILLA, MARCA: BERLIN,MODELO: EJECUTIVA, MATERIAL: TELA, COLOR: NEGRO;BERLIN;EJECUTIVA;;TELA;NEGRO;BUENO
2;0001;108;0316;TELEFONO, MARCA: PANASONIC,MODELO: KX-TS500LXB,SERIAL: 71AAC838643, COLOR: NEGRO;PANASONIC;KX-TS500LXB;;;NEGRO;BUENO
2;0001;108;0438;TELEFONO INALAMBRICO, MARCA: PANASONIC,MODELO: KX-TGA403LA,SERIAL: OJBQB005795;PANASONIC;KX-TGA403LA;;;;BUENO
2;0001;114;0253;PORTA CPU., MATERIAL: FORMICA, COLOR: NEGRO;;;;FORMICA;NEGRO;BUENO
2;0001;114;0502;PORTA CPU, MATERIAL: PLASTICO;;;;PLASTICO;;BUENO
2;0005;003;0168;ANTENA (TARJETA DE RED), MARCA: PCI LINKSYS,MODELO: 2,4 GHZ WMP54G-LA,SERIAL: MDI30F604451;PCI LINKSYS;2,4 GHZ WMP54G-LA;;;;MALO
2;0005;003;0172;ANTENA (TARJETA DE RED), MARCA: PCI LINKSYS,MODELO: 2,4 GHZ WMP54G-LA,SERIAL: MDI30F604462;PCI LINKSYS;2,4 GHZ WMP54G-LA;;;;MALO
2;0005;003;0322;ANTENA (TARJETA DE RED INALAMBRICA), MARCA: PCI LINKSYS,MODELO: GHZ WMP54G-LA,SERIAL: MDI407124935;PCI LINKSYS;GHZ WMP54G-LA;;;;BUENO
2;0005;003;0463;ANTENA,SERIAL: NW122NXT1209209201474;;;;;;MALO
2;0010;001;0004;AIRE ACONDICIONADO , MARCA: DP,MODELO: DAC-24CS/G2,SERIAL: 284, COLOR: BEIGE;DP;DAC-24CS/G2;;;BEIGE;MALO
2;0101;001;0281;COMPUTADOR(CPU), MARCA: S/MARCA,SERIAL: 2L728A213;S/MARCA;;;;;BUENO
2;0101;001;0282;COMPUTADOR CPU,MODELO: ATX MICRO ATX MB,SERIAL: CX6058RXA2020;;ATX MICRO ATX MB;;;;BUENO
2;0101;003;0446;IMPRESORA, MARCA: HP LASERJET PROFESIONAL,MODELO: P1606,SERIAL: VNB3B53094;HP LASERJET PROFESIONAL;P1606;;;;BUENO
2;0101;004;0468;MOUSE, MARCA: S/M,MODELO: ID010GNK94,SERIAL: MX034410MOU98321172;S/M;ID010GNK94;;;;BUENO
2;0101;005;0458;MONITOR , MARCA: ACER,MODELO: V183HL,SERIAL: ETLKF0D001043033E78501;ACER;V183HL;;;;BUENO
2;0101;007;0473;TECLADO,SERIAL: 20100466222709;;;;;;MALO
2;0101;007;0518;TECLADO, MARCA: GENIUS,MODELO: GK-070008/U,SERIAL: ZCE078402526, COLOR: NEGRO;GENIUS;GK-070008/U;;;NEGRO;BUENO
2;0101;008;0303;UPS, MARCA: INTEGRA TECH,MODELO: OFFICE PLUS 650,SERIAL: H-417701290;INTEGRA TECH;OFFICE PLUS 650;;;;BUENO
2;0101;008;0595;UPS, MARCA: ISONIC,MODELO: 1000VA,SERIAL: E1201025902, MATERIAL: METAL, COLOR: NEGRO;ISONIC;1000VA;;METAL;NEGRO;BUENO
2;0101;010;0327;DISCO DURO,MODELO: HD161HJ,SERIAL: SOV3J9AQ521099;;HD161HJ;;;;BUENO
2;0101;010;0477;BAQUELA DE MEMORIA;;;;;;BUENO
2;0101;010;0636;MEMORIA RAM,MODELO: KVA800DZ N 6I 1GB,SERIAL: 87LOR-ABR-MX4-VWRRB;;KVA800DZ N 6I 1GB;;;;BUENO
2;0101;010;0648;DISCO DURO, MARCA: SEAGATE,MODELO: ST3320413CS,SERIAL: 9VV38H91, COLOR: GRIS;SEAGATE;ST3320413CS;;;GRIS;BUENO
2;0101;010;0656;TARJETA DE VIDEO, MARCA: ATI ,MODELO: PCI 8MB SDR VGA CARD,SERIAL: XL8MBPCI16050069, COLOR: VERDE;ATI;PCI 8MB SDR VGA CARD;;;VERDE;MUY BUENO
2;0101;010;0658;TARJETA DE VIDEO, MARCA: ATI,MODELO: PCI 8MB SDR VGA CARD,SERIAL: XL8MBPCI16050044, COLOR: VERDE;ATI;PCI 8MB SDR VGA CARD;;;VERDE;MUY BUENO
2;0101;011;0274;CASE ATX;;;;;;BUENO
2;0101;011;0329;FUENTE DE PODER;;;;;;BUENO
2;0001;004;0206;ARCHIVADOR, MATERIAL: FORMICA, COLOR: NEGRO Y ROYAL CHERRY;;;;FORMICA;NEGRO Y ROYAL CHERRY;BUENO
2;0001;004;0207;ARCHIVADOR, MATERIAL: FORMICA/METAL, COLOR: NEGRO Y ROYAL CHERRY;;;;FORMICA/METAL;NEGRO Y ROYAL CHERRY;BUENO
2;0001;004;0209;ARCHIVADOR, MATERIAL: FORMICA, COLOR: NEGRO Y ROYAL CHERRY;;;;FORMICA;NEGRO Y ROYAL CHERRY;BUENO
2;0001;004;0212;ARCHIVADOR, COLOR: NEGRO Y ROYAL CHERRY;;;;;NEGRO Y ROYAL CHERRY;BUENO
2;0001;004;0214;ARCHIVADOR, COLOR: NEGRO Y ROYAL CHERRY;;;;;NEGRO Y ROYAL CHERRY;BUENO
2;0001;004;0215;ARCHIVADOR, COLOR: NEGRO Y ROYAL CHERRY;;;;;NEGRO Y ROYAL CHERRY;BUENO
2;0001;004;0216;ARCHIVADOR, COLOR: NEGRO Y ROYAL CHERRY;;;;;NEGRO Y ROYAL CHERRY;BUENO
2;0001;004;0217;ARCHIVADOR, COLOR: NEGRO Y ROYAL CHERRY;;;;;NEGRO Y ROYAL CHERRY;BUENO
2;0001;004;0334;ARCHIVO, MATERIAL: FORMICA, COLOR: CHERRY CON NEGRO;;;;FORMICA;CHERRY CON NEGRO;BUENO
2;0001;004;0335;ARCHIVO, MATERIAL: FORMICA, COLOR: CHERRY CON NEGRO;;;;FORMICA;CHERRY CON NEGRO;BUENO
2;0001;004;0336;ARCHIVO, MATERIAL: FORMICA, COLOR: CHERRY CON NEGRO;;;;FORMICA;CHERRY CON NEGRO;BUENO
2;0001;004;0337;ARCHIVO, MATERIAL: FORMICA, COLOR: CHERRY CON NEGRO;;;;FORMICA;CHERRY CON NEGRO;BUENO
2;0001;004;0338;ARCHIVO, MATERIAL: FORMICA, COLOR: CHERRY CON NEGRO;;;;FORMICA;CHERRY CON NEGRO;BUENO
2;0001;004;0339;ARCHIVO, MATERIAL: FORMICA, COLOR: CHERRY CON NEGRO;;;;FORMICA;CHERRY CON NEGRO;BUENO
2;0001;004;0485;FLIPPER, MATERIAL: FORMICA, COLOR: NEGRO CON TAPA COLOR CHERRY;;;;FORMICA;NEGRO CON TAPA COLOR CHERRY;BUENO
2;0001;004;0486;FLIPPER, MATERIAL: FORMICA, COLOR: NEGRO CON TAPA COLOR CHERRY;;;;FORMICA;NEGRO CON TAPA COLOR CHERRY;BUENO
2;0001;004;0487;FLIPPER, MATERIAL: FORMICA, COLOR: NEGRO CON TAPA COLOR CHERRY;;;;FORMICA;NEGRO CON TAPA COLOR CHERRY;BUENO
2;0001;004;0488;FLIPPER, MATERIAL: FORMICA, COLOR: NEGRO CON TAPA COLOR CHERRY;;;;FORMICA;NEGRO CON TAPA COLOR CHERRY;BUENO
2;0001;004;0489;FLIPPER, MATERIAL: FORMICA, COLOR: NEGRO CON TAPA COLOR CHERRY;;;;FORMICA;NEGRO CON TAPA COLOR CHERRY;BUENO
2;0001;004;0490;FLIPPER, MATERIAL: FORMICA, COLOR: NEGRO CON TAPA COLOR CHERRY;;;;FORMICA;NEGRO CON TAPA COLOR CHERRY;BUENO
2;0001;004;0611;ARCHIVADOR, MATERIAL: FORMICA, COLOR: NEGRO Y ROYAL CHERRY;;;;FORMICA;NEGRO Y ROYAL CHERRY;BUENO
2;0001;012;0078;BIBLIOTECA, MATERIAL: FORMICA, COLOR: CHERRY CON NEGRO;;;;FORMICA;CHERRY CON NEGRO;BUENO
2;0001;020;0266;CARTELERA, MATERIAL: METAL/CORCHO;;;;METAL/CORCHO;;BUENO
2;0001;020;0534;CARTELERA;;;;;;BUENO
2;0001;037;0270;ENFRIADOR, MARCA: SILVER,SERIAL: S/S;SILVER;;;;;BUENO
2;0001;042;0081;ESCRITORIO, MATERIAL: FORMICA/METAL, COLOR: CHERRY CON NEGRO;;;;FORMICA/METAL;CHERRY CON NEGRO;BUENO
2;0001;042;0083;ESCRITORIO, MATERIAL: FORMICA, COLOR: CHERRY CON NEGRO;;;;FORMICA;CHERRY CON NEGRO;BUENO
2;0001;042;0085;ESCRITORIO, MATERIAL: FORMICA/METAL, COLOR: CHERRY CON NEGRO;;;;FORMICA/METAL;CHERRY CON NEGRO;BUENO
2;0001;042;0086;ESCRITORIO, MATERIAL: FORMICA/METAL, COLOR: CHERRY CON NEGRO;;;;FORMICA/METAL;CHERRY CON NEGRO;BUENO
2;0001;042;0087;ESCRITORIO, MATERIAL: FORMICA/METAL, COLOR: CHERRY CON NEGRO;;;;FORMICA/METAL;CHERRY CON NEGRO;BUENO
2;0001;042;0088;ESCRITORIO, MATERIAL: FORMICA/METAL, COLOR: CHERRY CON NEGRO;;;;FORMICA/METAL;CHERRY CON NEGRO;BUENO
2;0001;042;0149;ESCRITORIO, MATERIAL: FORMICA/METAL, COLOR: ROYAL CHERRY;;;;FORMICA/METAL;ROYAL CHERRY;BUENO
2;0001;042;0151;ESCRITORIO, MATERIAL: FORMICA/METAL, COLOR: ROYAL CHERRY;;;;FORMICA/METAL;ROYAL CHERRY;BUENO
2;0001;042;0152;ESCRITORIO, MATERIAL: FORMICA/METAL, COLOR: ROYAL CHERRY;;;;FORMICA/METAL;ROYAL CHERRY;BUENO
2;0001;042;0340;ESCRITORIO, MATERIAL: FORMICA/METAL, COLOR: CHERRY CON NEGRO;;;;FORMICA/METAL;CHERRY CON NEGRO;BUENO
2;0001;042;0341;ESCRITORIO, MATERIAL: FORMICA/METAL, COLOR: CHERRY CON NEGRO;;;;FORMICA/METAL;CHERRY CON NEGRO;BUENO
2;0001;042;0352;ESCRITORIO, MATERIAL: FORMICA/METAL, COLOR: NEGRO CON ROYAL CHERRY;;;;FORMICA/METAL;NEGRO CON ROYAL CHERRY;BUENO
2;0001;042;0398;ESCRITORIO, MATERIAL: FORMICA, COLOR: NEGRO CON CHERRY ROYAL;;;;FORMICA;NEGRO CON CHERRY ROYAL;BUENO
2;0001;042;0399;ESCRITORIO, MATERIAL: FORMICA, COLOR: NEGRO CON CHERRY ROYAL;;;;FORMICA;NEGRO CON CHERRY ROYAL;BUENO
2;0001;042;0484;ESCRITORIO, MATERIAL: FORMICA, COLOR: CHERRY CON NEGRO;;;;FORMICA;CHERRY CON NEGRO;BUENO
2;0001;055;0100;GUILLOTINA, MARCA: KW-TRIO,SERIAL: S/S;KW-TRIO;;;;;MALO
2;0001;073;0224;MESA, MATERIAL: FORMICA, COLOR: NEGRO CON CHERRY;;;;FORMICA;NEGRO CON CHERRY;BUENO
2;0001;085;0101;PIZARRA, MATERIAL: METAL/ACRALICO, COLOR: BLANCO;;;;METAL/ACRALICO;BLANCO;BUENO
2;0001;085;0536;PIZARRA ACRILICA;;;;;;BUENO
2;0001;100;0180;SACAPUNTA ELECTRICO, MARCA: X-ACTO,MODELO: 1900 SILVER,SERIAL: 7994610423-1;X-ACTO;1900 SILVER;;;;BUENO
2;0001;100;0380;SACAPUNTA, MARCA: X-ACTO,MODELO: 19XXCN,SERIAL: S/S;X-ACTO;19XXCN;;;;MALO
2;0001;100;0441;SACAPUNTA ,SERIAL: S/S;;;;;;BUENO
2;0001;100;0442;SACAPUNTA , MARCA: EAGLE,MODELO: TY838,SERIAL: S/S;EAGLE;TY838;;;;BUENO
2;0001;102;0006;SILLA , MATERIAL: TELA, COLOR: NEGRO;;;;TELA;NEGRO;MALO
2;0001;102;0010;SILLA , MATERIAL: TELA, COLOR: NEGRO;;;;TELA;NEGRO;REGULAR
2;0001;102;0011;SILLA , MATERIAL: TELA, COLOR: NEGRO;;;;TELA;NEGRO;BUENO
2;0001;102;0012;SILLA , MATERIAL: TELA, COLOR: NEGRO;;;;TELA;NEGRO;BUENO
2;0001;102;0013;SILLA , MATERIAL: TELA, COLOR: NEGRO;;;;TELA;NEGRO;REGULAR
2;0001;102;0014;SILLA , MATERIAL: TELA, COLOR: NEGRO;;;;TELA;NEGRO;REGULAR
2;0001;102;0016;SILLA , MATERIAL: TELA, COLOR: NEGRO;;;;TELA;NEGRO;BUENO
2;0001;102;0020;SILLA , MATERIAL: TELA, COLOR: NEGRO;;;;TELA;NEGRO;BUENO
2;0001;102;0021;SILLA , MATERIAL: TELA, COLOR: NEGRO;;;;TELA;NEGRO;BUENO
2;0001;102;0147;SILLA, MATERIAL: TELA, COLOR: NEGRO;;;;TELA;NEGRO;BUENO
2;0001;102;0148;SILLA, MATERIAL: TELA, COLOR: NEGRO;;;;TELA;NEGRO;BUENO
2;0001;102;0154;SILLA, MATERIAL: TELA, COLOR: NEGRO;;;;TELA;NEGRO;BUENO
2;0001;102;0155;SILLA, MATERIAL: TELA, COLOR: NEGRO;;;;TELA;NEGRO;BUENO
2;0001;102;0238;SILLA, MATERIAL: TELA, COLOR: NEGRO;;;;TELA;NEGRO;BUENO
2;0001;102;0271;SILLA, MATERIAL: TELA, COLOR: NEGRO;;;;TELA;NEGRO;BUENO
2;0001;102;0313;SILLA, MATERIAL: TELA, COLOR: NEGRO;;;;TELA;NEGRO;BUENO
2;0001;102;0343;SILLA,MODELO: BRUZELA ERGONOMICA, MATERIAL: TELA, COLOR: NEGRA;;BRUZELA ERGONOMICA;;TELA;NEGRA;REGULAR
2;0001;102;0344;SILLA,MODELO: BRUZELA ERGONOMICA, MATERIAL: TELA, COLOR: NEGRA;;BRUZELA ERGONOMICA;;TELA;NEGRA;BUENO
2;0001;102;0400;SILLA,MODELO: BRUSELA ERGONOMICA, MATERIAL: TELA, COLOR: NEGRA;;BRUSELA ERGONOMICA;;TELA;NEGRA;REGULAR
2;0001;102;0401;SILLA,MODELO: BRUSELA ERGONOMICA, MATERIAL: TELA, COLOR: NEGRA;;BRUSELA ERGONOMICA;;TELA;NEGRA;REGULAR
2;0001;102;0404;SILLA,MODELO: GENOVA, MATERIAL: TELA, COLOR: NEGRA;;GENOVA;;TELA;NEGRA;BUENO
2;0001;102;0405;SILLA,MODELO: GENOVA, MATERIAL: TELA, COLOR: NEGRA;;GENOVA;;TELA;NEGRA;BUENO
2;0001;102;0406;SILLA,MODELO: GENOVA, MATERIAL: TELA, COLOR: NEGRA;;GENOVA;;TELA;NEGRA;BUENO
2;0001;102;0591;SILLA, MATERIAL: TELA, COLOR: NEGRA;;;;TELA;NEGRA;MUY BUENO
2;0001;102;0607;SILLA,MODELO: SECRETARIAL, MATERIAL: TELA, COLOR: NEGRO;;SECRETARIAL;;TELA;NEGRO;BUENO
2;0001;102;0641;SILLA SECRETARIAL, MATERIAL: PLASTICO/TELA, COLOR: NEGRO;;;;PLASTICO/TELA;NEGRO;MUY BUENO
2;0001;102;0642;SILLA SECRETARIAL, MATERIAL: PLASTICO/TELA, COLOR: NEGRO;;;;PLASTICO/TELA;NEGRO;MUY BUENO
2;0001;105;0104;SUMADORA, MARCA: CANON,MODELO: MP41DHII,SERIAL: 20067900;CANON;MP41DHII;;;;REGULAR
2;0001;105;0106;SUMADORA, MARCA: CANON,MODELO: MP41DHII,SERIAL: 20067901;CANON;MP41DHII;;;;REGULAR
2;0001;105;0108;SUMADORA, MARCA: CANON,MODELO: MP41DHII,SERIAL: 20068036;CANON;MP41DHII;;;;BUENO
2;0001;105;0109;SUMADORA, MARCA: CANON,MODELO: MP41DHII,SERIAL: 20067899;CANON;MP41DHII;;;;MALO
2;0001;105;0110;SUMADORA, MARCA: CANON,MODELO: MP41DHII,SERIAL: 20068038;CANON;MP41DHII;;;;REGULAR
2;0001;105;0111;SUMADORA, MARCA: CANON,MODELO: MP41DHII,SERIAL: 20067902;CANON;MP41DHII;;;;MALO
2;0001;105;0115;SUMADORA, MARCA: CANON,MODELO: MP41DHII,SERIAL: 20067906;CANON;MP41DHII;;;;REGULAR
2;0001;105;0377;SUMADORA, MARCA: CASIO,MODELO: DR140TM,SERIAL: 620AQ87EA038641;CASIO;DR140TM;;;;MALO
2;0001;108;0091;TELEFONO, MARCA: PANASONIC,MODELO: KX-TGA242LA,SERIAL: 6GBAE027582A, COLOR: NEGRO;PANASONIC;KX-TGA242LA;;;NEGRO;REGULAR
2;0001;108;0092;TELEFONO, MARCA: PANASONIC,MODELO: KX-TGA242LA,SERIAL: 6GBAE027582B, COLOR: NEGRO;PANASONIC;KX-TGA242LA;;;NEGRO;REGULAR
2;0001;108;0436;TELEFONO INALAMBRICO, MARCA: PANASONIC,MODELO: KX-TG9333T,SERIAL: OHCXB067650;PANASONIC;KX-TG9333T;;;;REGULAR
2;0001;108;0440;TELEFONO, MARCA: PANASONIC,MODELO: KX-TGA403LA,SERIAL: OJBQB005799;PANASONIC;KX-TGA403LA;;;;BUENO
2;0001;112;0381;DESTRUCTOR DE PAPEL, MARCA: OFITECH,SERIAL: 08030471;OFITECH;;;;;BUENO
2;0001;114;0242;PORTA CPU., MATERIAL: FORMICA, COLOR: NEGRO;;;;FORMICA;NEGRO;BUENO
2;0001;114;0243;PORTA CPU., MATERIAL: FORMICA, COLOR: NEGRO;;;;FORMICA;NEGRO;BUENO
2;0001;114;0245;PORTA CPU., MATERIAL: FORMICA, COLOR: NEGRO;;;;FORMICA;NEGRO;BUENO
2;0001;114;0246;PORTA CPU., MATERIAL: FORMICA, COLOR: NEGRO;;;;FORMICA;NEGRO;BUENO
2;0001;114;0247;PORTA CPU., MATERIAL: FORMICA, COLOR: NEGRO;;;;FORMICA;NEGRO;BUENO
2;0001;114;0248;PORTA CPU., MATERIAL: FORMICA, COLOR: NEGRO;;;;FORMICA;NEGRO;BUENO
2;0001;114;0249;PORTA CPU., MATERIAL: FORMICA, COLOR: NEGRO;;;;FORMICA;NEGRO;BUENO
2;0001;114;0250;PORTA CPU., MATERIAL: FORMICA, COLOR: NEGRO;;;;FORMICA;NEGRO;BUENO
2;0001;114;0251;PORTA CPU., MATERIAL: FORMICA, COLOR: NEGRO;;;;FORMICA;NEGRO;BUENO
2;0001;114;0408;PORTA CPU, COLOR: NEGRA;;;;;NEGRA;BUENO
2;0001;114;0409;PORTA CPU, COLOR: NEGRA;;;;;NEGRA;BUENO
2;0001;114;0410;PORTA CPU, COLOR: NEGRA;;;;;NEGRA;BUENO
2;0001;114;0501;PORTA CPU, COLOR: BLANCO;;;;;BLANCO;BUENO
2;0002;057;0306;ESTANTE, COLOR: ROYAL;;;;;ROYAL;BUENO
2;0002;066;0411;MUEBLE ESPECIAL, MATERIAL: FORMICA;;;;FORMICA;;BUENO
2;0002;148;0420;VAGON MOVIL,SERIAL: 4359;;;;;;BUENO
2;0005;003;0141;ANTENA, MARCA: LYNKSYS,MODELO: WMP54W,SERIAL: MDI305B63497;LYNKSYS;WMP54W;;;;MALO
2;0005;003;0164;ANTENA (TARJETA DE RED), MARCA: PCI LINKSYS,MODELO: 2,4 GHZ WMP54G-LA,SERIAL: MDI30F478815;PCI LINKSYS;2,4 GHZ WMP54G-LA;;;;MALO
2;0005;003;0166;ANTENA (TARJETA DE RED), MARCA: PCI LINKSYS,MODELO: 2,4 GHZ WMP54G-LA,SERIAL: MDI30F478816;PCI LINKSYS;2,4 GHZ WMP54G-LA;;;;MALO
2;0005;003;0167;ANTENA (TARJETA DE RED), MARCA: PCI LINKSYS,MODELO: 2,4 GHZ WMP54G-LA,SERIAL: MDI30F478825;PCI LINKSYS;2,4 GHZ WMP54G-LA;;;;BUENO
2;0005;003;0169;ANTENA (TARJETA DE RED), MARCA: PCI LINKSYS,MODELO: 2,4 GHZ WMP54G-LA,SERIAL: MDI30F604451;PCI LINKSYS;2,4 GHZ WMP54G-LA;;;;MUY MALO
2;0005;003;0170;ANTENA (TARJETA DE RED), MARCA: PCI LINKSYS,MODELO: 2,4 GHZ WMP54G-LA,SERIAL: MDI30F604464;PCI LINKSYS;2,4 GHZ WMP54G-LA;;;;MUY MALO
2;0005;003;0171;ANTENA (TARJETA DE RED), MARCA: PCI LINKSYS,MODELO: 2,4 GHZ WMP54G-LA,SERIAL: MDI30F604442;PCI LINKSYS;2,4 GHZ WMP54G-LA;;;;MALO
2;0005;003;0173;ANTENA (TARJETA DE RED), MARCA: PCI LINKSYS,MODELO: 2,4 GHZ WMP54G-LA,SERIAL: MDI30F604463;PCI LINKSYS;2,4 GHZ WMP54G-LA;;;;BUENO
2;0005;003;0174;ANTENA (TARJETA DE RED), MARCA: PCI LINKSYS,MODELO: 2,4 GHZ WMP54G-LA,SERIAL: MDI30F604443;PCI LINKSYS;2,4 GHZ WMP54G-LA;;;;BUENO
2;0005;003;0175;ANTENA (TARJETA DE RED), MARCA: PCI LINKSYS,MODELO: 2,4 GHZ WMP54G-LA,SERIAL: MDI30F478817;PCI LINKSYS;2,4 GHZ WMP54G-LA;;;;MALO
2;0005;003;0177;ANTENA (TARJETA DE RED), MARCA: PCI LINKSYS,MODELO: 2,4 GHZ WMP54G-LA,SERIAL: MDI40F972792;PCI LINKSYS;2,4 GHZ WMP54G-LA;;;;BUENO
2;0005;003;0323;ANTENA (TARJETA DE RED INALAMBRICA), MARCA: PCI LINKSYS,MODELO: GHZ WMP54G-LA,SERIAL: MDI407125028;PCI LINKSYS;GHZ WMP54G-LA;;;;MALO
2;0005;003;0324;ANTENA (TARJETA DE RED INALAMBRICA), MARCA: PCI LINKSYS,MODELO: GHZ WMP54G-LA,SERIAL: MDI407124955;PCI LINKSYS;GHZ WMP54G-LA;;;;BUENO
2;0005;003;0418;TARJETA DE RED,SERIAL: 097279594;;;;;;BUENO
2;0005;003;0419;TARJETA DE RED,SERIAL: 097279589;;;;;;BUENO
2;0005;003;0459;ANTENA,SERIAL: NW122NXT1209209203964;;;;;;MALO
2;0005;008;0626;ROUTER, MARCA: CISCO LINKSYS,MODELO: E1200,SERIAL: 10822C66349715, MATERIAL: PLASTICO, COLOR: NEGRO;CISCO LINKSYS;E1200;;PLASTICO;NEGRO;BUENO
2;0005;008;0659;ROUTER , MARCA: D-LINK,MODELO: DIR-842,SERIAL: S3BJ1G4002102, COLOR: NEGRO;D-LINK;DIR-842;;;NEGRO;BUENO
2;0010;001;0263;AIRE ACONDICIONADO, MARCA: MILLER,SERIAL: ELU4909400K;MILLER;;;;;MALO
2;0010;001;0272;EQUIPO DE AIRE ACONDICIONADO, MARCA: MILLER,SERIAL: 9KNWI, COLOR: BEIGE;MILLER;;;;BEIGE;MALO
2;0010;001;0397;AIRE ACONDICIONADO,MODELO: WIWXL-12KNW1,SERIAL: IWW091108717;;WIWXL-12KNW1;;;;BUENO
2;0010;001;0421;AIRE ACONDICIONADO,MODELO: JS5BA-036K,SERIAL: 918918J + JSA080800728;;JS5BA-036K;;;;MALO
2;0012;005;0654;MEMORIA RAM, MARCA: KINGSTON,SERIAL: S/S, COLOR: VERDE;KINGSTON;;;;VERDE;MALO
2;0101;001;0027;COMPUTADOR, MARCA: S/M,MODELO: 2.66 GHD101 DDRR512MB DD80GB ,SERIAL: IAS6218LC01166;S/M;2.66 GHD101 DDRR512MB DD80GB;;;;BUENO
2;0101;001;0028;COMPUTADOR, MARCA: AUSE,MODELO: 2.66 GHD101 DDRR512MB DD80GB ,SERIAL: IAS6218LC00694;AUSE;2.66 GHD101 DDRR512MB DD80GB;;;;BUENO
2;0101;001;0029;COMPUTADOR, MARCA: AUSE,MODELO: 2.66 GHD101 DDRR512MB DD80GB ,SERIAL: IAS6218LC00679;AUSE;2.66 GHD101 DDRR512MB DD80GB;;;;BUENO
2;0101;001;0030;COMPUTADOR, MARCA: AUSE,MODELO: 2.66 GHD101 DDRR512MB DD80GB ,SERIAL: IAS6218LC00530;AUSE;2.66 GHD101 DDRR512MB DD80GB;;;;BUENO
2;0101;001;0031;COMPUTADOR, MARCA: AUSE,MODELO: 2.66 GHD101 DDRR512MB DD80GB ,SERIAL: IAS6153LC01407;AUSE;2.66 GHD101 DDRR512MB DD80GB;;;;BUENO
2;0101;001;0116;COMPUTADOR, MARCA: XTECH,MODELO: INTEL PENTIUM,SERIAL: L05916620600070;XTECH;INTEL PENTIUM;;;;REGULAR
2;0101;001;0117;COMPUTADOR, MARCA: XTECH,MODELO: INTEL PENTIUM,SERIAL: LO5916620600066;XTECH;INTEL PENTIUM;;;;MALO
2;0101;001;0119;COMPUTADOR, MARCA: XTECH,MODELO: INTEL PENTIUM,SERIAL: I83016620600063;XTECH;INTEL PENTIUM;;;;BUENO
2;0101;001;0185;COMPUTADOR(CPU) CON DVD Y FLOPPY,MODELO: 3.0 GHZ TM 102 DD80GBSATA,SERIAL: 9a1289BX80552631SL9KG;;3.0 GHZ TM 102 DD80GBSATA;;;;BUENO
2;0101;001;0279;COMPUTADOR(CPU9, MARCA: XTECH,MODELO: 8809H5 TECH,SERIAL: 3L732A534;XTECH;8809H5 TECH;;;;BUENO
2;0101;001;0388;COMPUTADOR CPU, MARCA: S/M,MODELO: ATX MICRO ATX MB,SERIAL: 89MOX1052776;S/M;ATX MICRO ATX MB;;;;MALO
2;0101;001;0448;COMPUTADOR CPU;;;;;;BUENO
2;0101;001;0554;COMPUTADOR,SERIAL: 201109231601B01528;;;;;;BUENO
2;0101;001;0555;COMPUTADOR,SERIAL: 201109231601B01412;;;;;;BUENO
2;0101;002;0035;CORNETAS, MARCA: SPEAKER,MODELO: SP-1900AUCK ,SERIAL: 035120059433;SPEAKER;SP-1900AUCK;;;;MALO
2;0101;002;0036;CORNETAS, MARCA: SPEAKER,MODELO: SP-1900AUCK ,SERIAL: 035120062483;SPEAKER;SP-1900AUCK;;;;BUENO
2;0101;002;0037;CORNETAS, MARCA: SPEAKER,MODELO: SP-1900AUCK ,SERIAL: 035120061083;SPEAKER;SP-1900AUCK;;;;MALO
2;0101;002;0038;CORNETAS, MARCA: SPEAKER,MODELO: SP-1900AUCK ,SERIAL: 035120059178;SPEAKER;SP-1900AUCK;;;;BUENO
2;0101;002;0039;CORNETAS, MARCA: SPEAKER,MODELO: SP-1900AUCK ,SERIAL: 035120062273;SPEAKER;SP-1900AUCK;;;;MALO
2;0101;002;0040;CORNETAS, MARCA: SPEAKER,MODELO: SP-1900AUCK ,SERIAL: 035120062386;SPEAKER;SP-1900AUCK;;;;BUENO
2;0101;002;0121;CORNETAS, MARCA: AITEG,MODELO: SP-168,SERIAL: S40001, COLOR: NEGRO;AITEG;SP-168;;;NEGRO;MALO
2;0101;002;0122;CORNETAS, MARCA: AITEG,MODELO: SP-168,SERIAL: S40003, COLOR: NEGRO;AITEG;SP-168;;;NEGRO;MALO
2;0101;002;0123;CORNETAS, MARCA: AITEG,MODELO: SP-168,SERIAL: S40002, COLOR: NEGRO;AITEG;SP-168;;;NEGRO;BUENO
2;0101;002;0188;CORNETAS 03 PIEZAS, MARCA: SIRAGON,MODELO: SSP-340,SERIAL: VZGT0502SSP34001964;SIRAGON;SSP-340;;;;BUENO
2;0101;003;0287;IMPRESORA, MARCA: HP,MODELO: DESKJET D1460,SERIAL: CN7662N41X;HP;DESKJET D1460;;;;MALO
2;0101;003;0613;IMPRESORA HP, MARCA: HP,MODELO: P1606dn,SERIAL: VNB3N48473, MATERIAL: PLASTICO, COLOR: NEGRO;HP;P1606dn;;PLASTICO;NEGRO;BUENO
2;0101;004;0043;MOUSE OPTICAL, MARCA: OMEGA,MODELO: 278962SB,SERIAL: 21531000316;OMEGA;278962SB;;;;MALO
2;0101;004;0044;MOUSE OPTICAL, MARCA: OMEGA,MODELO: 278962SB,SERIAL: 21531000311;OMEGA;278962SB;;;;MUY MALO
2;0101;004;0047;MOUSE OPTICAL, MARCA: OMEGA,MODELO: 278962SB,SERIAL: 2584219;OMEGA;278962SB;;;;REGULAR
2;0101;004;0124;MOUSE OPTICAL, MARCA: AITEG,MODELO: UM-2068,SERIAL: 607707737, COLOR: NEGRO;AITEG;UM-2068;;;NEGRO;BUENO
2;0101;004;0125;MOUSE OPTICAL, MARCA: AITEG,MODELO: UM-2068,SERIAL: 607637697, COLOR: NEGRO;AITEG;UM-2068;;;NEGRO;MUY MALO
2;0101;004;0127;MOUSE OPTICAL, MARCA: AITEG,MODELO: UM-2068,SERIAL: 0607637654, COLOR: NEGRO;AITEG;UM-2068;;;NEGRO;MALO
2;0101;004;0190;MOUSE OPTICO, MARCA: TECH,SERIAL: (21)612506123;TECH;;;;;BUENO
2;0101;004;0464;MOUSE, MARCA: S/M,MODELO: ID010GNK94,SERIAL: MX034410MOU98321151;S/M;ID010GNK94;;;;MALO
2;0101;004;0533;MOUSE, MARCA: GENIUS,SERIAL: X73583207871;GENIUS;;;;;BUENO
2;0101;004;0539;MOUSE, MARCA: GENIUS,SERIAL: X73583207845;GENIUS;;;;;BUENO
2;0101;004;0540;MOUSE, MARCA: GENIUS,SERIAL: X73583207853;GENIUS;;;;;BUENO
2;0101;004;0550;MOUSE, MARCA: MAXELL,MODELO: MOWR-101,SERIAL: 021354041AC05444, COLOR: NEGRO CON GRIS;MAXELL;MOWR-101;;;NEGRO CON GRIS;MALO
2;0101;004;0552;MOUSE, MARCA: MAXELL,MODELO: MOWR-101,SERIAL: 021354041AC05471, COLOR: NEGRO CON GRIS;MAXELL;MOWR-101;;;NEGRO CON GRIS;BUENO
2;0101;005;0050;MONITOR, MARCA: SAMSUNG 17,MODELO: SYNCMASTER793S,SERIAL: LB17HCGL702682T;SAMSUNG 17;SYNCMASTER793S;;;;BUENO
2;0101;005;0052;MONITOR, MARCA: SAMSUNG 17,MODELO: SYNCMASTER 793S,SERIAL: LB17HCGL702655R;SAMSUNG 17;SYNCMASTER 793S;;;;BUENO
2;0101;005;0053;MONITOR, MARCA: SAMSUNG 17,MODELO: SYNCMASTER 793S,SERIAL: LB17HCGL702741X;SAMSUNG 17;SYNCMASTER 793S;;;;BUENO
2;0101;005;0054;MONITOR, MARCA: SAMSUNG 17,MODELO: SYNCMASTER 793S,SERIAL: LB17HCGL702731F;SAMSUNG 17;SYNCMASTER 793S;;;;BUENO
2;0101;005;0055;MONITOR, MARCA: SAMSUNG 17,MODELO: SYNCMASTER 793S,SERIAL: LB17HCGL702951L;SAMSUNG 17;SYNCMASTER 793S;;;;BUENO
2;0101;005;0129;MONITOR, MARCA: SAMSUMG 17,MODELO: KS17CNKWHQ/XBM,SERIAL: CN17H9KI303585M, COLOR: NEGRO;SAMSUMG 17;KS17CNKWHQ/XBM;;;NEGRO;BUENO
2;0101;005;0131;MONITOR, MARCA: SAMSUMG 17,MODELO: KS17CNKWHQ/XBM,SERIAL: CN17H9KL303867J, COLOR: NEGRO;SAMSUMG 17;KS17CNKWHQ/XBM;;;NEGRO;BUENO
2;0101;005;0292;MONITOR, MARCA: ENVISION,MODELO: H17OL,SERIAL: 90868CA005624;ENVISION;H17OL;;;;BUENO
2;0101;005;0392;MONITOR, MARCA: SAMSUNG,MODELO: LS17PENSF/XBM,SERIAL: PE17HVKQA01600W;SAMSUNG;LS17PENSF/XBM;;;;BUENO
2;0101;005;0453;MONITOR , MARCA: ACER,MODELO: V183HL,SERIAL: ETLKF0D001043033E18501;ACER;V183HL;;;;BUENO
2;0101;005;0505;MONITOR PANTALLA PLANA, MARCA: SAMSUNG,MODELO: S19A300B,SERIAL: ZBBNH9NB614179T, COLOR: NEGRO;SAMSUNG;S19A300B;;;NEGRO;BUENO
2;0101;005;0506;MONITOR PANTALLA PLANA, MARCA: SAMSUNG,MODELO: S19A300B,SERIAL: ZBBNH9NB614685W, COLOR: NEGRO;SAMSUNG;S19A300B;;;NEGRO;BUENO
2;0101;005;0507;MONITOR PANTALLA PLANA, MARCA: SAMSUNG,MODELO: S19A300B,SERIAL: ZBBNH9NB614676B, COLOR: NEGRO;SAMSUNG;S19A300B;;;NEGRO;BUENO
2;0101;005;0508;MONITOR PANTALLA PLANA, MARCA: SAMSUNG,MODELO: S19A300B,SERIAL: ZBBNH9NB614196E, COLOR: NEGRO;SAMSUNG;S19A300B;;;NEGRO;BUENO
2;0101;005;0509;MONITOR PANTALLA PLANA, MARCA: SAMSUNG,MODELO: S19A300B,SERIAL: ZBBNH9NB614182N, COLOR: NEGRO;SAMSUNG;S19A300B;;;NEGRO;BUENO
2;0101;005;0511;MONITOR PANTALLA PLANA, MARCA: SAMSUNG,MODELO: S19A300B,SERIAL: ZBBNHVPB608214B, COLOR: NEGRO;SAMSUNG;S19A300B;;;NEGRO;MALO
2;0101;005;0512;MONITOR PANTALLA PLANA, MARCA: SAMSUNG,MODELO: S19A300B,SERIAL: ZBBNH9NB614190Y, COLOR: NEGRO;SAMSUNG;S19A300B;;;NEGRO;BUENO
2;0101;005;0514;MONITOR PANTALLA PLANA, MARCA: SAMSUNG,MODELO: S19A300B,SERIAL: ZBBNH9NB614180D, COLOR: NEGRO;SAMSUNG;S19A300B;;;NEGRO;BUENO
2;0101;006;0024;REGULADOR , MARCA: FORZA,MODELO: URI0OFOR01,SERIAL: 076090002816, MATERIAL: METAL;FORZA;URI0OFOR01;;METAL;;BUENO
2;0101;006;0057;REGULADOR, MARCA: YBT,MODELO: PCG1000,SERIAL: 609706607;YBT;PCG1000;;;;MALO
2;0101;006;0058;REGULADOR, MARCA: YBT,MODELO: PCG1000,SERIAL: 609706608;YBT;PCG1000;;;;MALO
2;0101;006;0059;REGULADOR, MARCA: YBT,MODELO: PCG1000,SERIAL: 609705211;YBT;PCG1000;;;;BUENO
2;0101;006;0061;REGULADOR, MARCA: YBT,MODELO: PCG1000,SERIAL: 609705212;YBT;PCG1000;;;;BUENO
2;0101;006;0062;REGULADOR, MARCA: YBT,MODELO: PCG1000,SERIAL: 609706718;YBT;PCG1000;;;;BUENO
2;0101;006;0132;REGULADOR, MARCA: FORZA,MODELO: UR100FOR01,SERIAL: 076090002817;FORZA;UR100FOR01;;;;BUENO
2;0101;006;0133;REGULADOR, MARCA: YBT,MODELO: PCG1000,SERIAL: 609705216;YBT;PCG1000;;;;BUENO
2;0101;007;0063;TECLADO, MARCA: YBT,MODELO: TD6112SB,SERIAL: 9503010986;YBT;TD6112SB;;;;MALO
2;0101;007;0064;TECLADO, MARCA: YBT,MODELO: TD6112SB,SERIAL: 9503010999;YBT;TD6112SB;;;;MALO
2;0101;007;0065;TECLADO, MARCA: YBT,MODELO: TD6112SB,SERIAL: 9503010987;YBT;TD6112SB;;;;BUENO
2;0101;007;0066;TECLADO, MARCA: YBT,MODELO: TD6112SB,SERIAL: 9503010998;YBT;TD6112SB;;;;MUY MALO
2;0101;007;0067;TECLADO, MARCA: YBT,MODELO: TD61125B,SERIAL: 9503010989;YBT;TD61125B;;;;MALO
2;0101;007;0068;TECLADO, MARCA: YBT,MODELO: TD6112SB,SERIAL: 9503010985;YBT;TD6112SB;;;;MALO
2;0101;007;0069;TECLADO, MARCA: YBT,MODELO: TD6112SB,SERIAL: 9503010988;YBT;TD6112SB;;;;BUENO
2;0101;007;0136;TECLADO, MARCA: APSU,MODELO: PS2,SERIAL: 016080253677;APSU;PS2;;;;MUY MALO
2;0101;007;0137;TECLADO, MARCA: APSU,MODELO: PS2,SERIAL: 016080253663;APSU;PS2;;;;BUENO
2;0101;007;0196;TECLADO ESPAÑOL, MARCA: GENIUS,MODELO: KL-0210,SERIAL: ZCA6AK800865;GENIUS;KL-0210;;;;BUENO
2;0101;007;0469;TECLADO,SERIAL: 20100466222708;;;;;;MALO
2;0101;007;0516;TECLADO, MARCA: GENIUS,MODELO: GK-070008/U,SERIAL: ZCE078402527, COLOR: NEGRO;GENIUS;GK-070008/U;;;NEGRO;BUENO
2;0101;007;0517;TECLADO, MARCA: GENIUS,MODELO: GK-070008/U,SERIAL: ZCE078402529, COLOR: NEGRO;GENIUS;GK-070008/U;;;NEGRO;BUENO
2;0101;007;0520;TECLADO, MARCA: GENIUS,MODELO: GK-070008/U,SERIAL: ZCE078402915, COLOR: NEGRO;GENIUS;GK-070008/U;;;NEGRO;BUENO
2;0101;007;0561;TECLADO, MARCA: GENIUS,MODELO: GK-070008/U,SERIAL: ZCE171001810, COLOR: NEGRO;GENIUS;GK-070008/U;;;NEGRO;BUENO
2;0101;007;0564;TECLADO, MARCA: GENIUS,MODELO: GK-070008/U,SERIAL: ZCE171001809, COLOR: NEGRO;GENIUS;GK-070008/U;;;NEGRO;BUENO
2;0101;007;0615;TECLADO, MARCA: GENIUS,MODELO: KM-220,SERIAL: ZM2620007018, MATERIAL: PLASTICO, COLOR: NEGRO;GENIUS;KM-220;;PLASTICO;NEGRO;BUENO
2;0101;008;0199;UPS, MARCA: TRIPPLE LITE,MODELO: INTERNET 550U,SERIAL: 9535FYOBC505701205;TRIPPLE LITE;INTERNET 550U;;;;REGULAR
2;0101;008;0305;UPS, MARCA: INTEGRA TECH,MODELO: OFFICE PLUS 650,SERIAL: H-417701289;INTEGRA TECH;OFFICE PLUS 650;;;;BUENO
2;0101;008;0522;UPS, MARCA: ISONIC,SERIAL: E110555435;ISONIC;;;;;BUENO
2;0101;008;0523;UPS, MARCA: ISONIC,SERIAL: E110555462;ISONIC;;;;;BUENO
2;0101;008;0524;UPS, MARCA: ISONIC,SERIAL: E110555247;ISONIC;;;;;BUENO
2;0101;008;0525;UPS, MARCA: ISONIC,SERIAL: E110555249;ISONIC;;;;;BUENO
2;0101;008;0526;UPS, MARCA: ISONIC,SERIAL: E110555248;ISONIC;;;;;BUENO
2;0101;008;0527;UPS, MARCA: ISONIC,SERIAL: E110555380;ISONIC;;;;;BUENO
2;0101;008;0528;UPS, MARCA: ISONIC,SERIAL: E110555379;ISONIC;;;;;BUENO
2;0101;008;0529;UPS, MARCA: ISONIC,SERIAL: E110555381;ISONIC;;;;;BUENO
2;0101;010;0326;COMBO DVD+RW 16X, MARCA: SAMSUNG,MODELO: SH-S182,SERIAL: P0296GALC37256K;SAMSUNG;SH-S182;;;;BUENO
2;0101;010;0423;DISCO DUROS, MARCA: HITACHI,SERIAL: HA28MV8F;HITACHI;;;;;MALO
2;0101;010;0424;DISCO DUROS, MARCA: HITACHI,SERIAL: HA27KMOD;HITACHI;;;;;BUENO
2;0101;010;0478;BAQUELA DE MEMORIA;;;;;;BUENO
2;0101;010;0479;BAQUELA DE MEMORIA;;;;;;BUENO
2;0101;010;0545;BAQUELA DE MEMORIA,SERIAL: PC6400U-505503-1106031;;;;;;BUENO
2;0101;010;0633;MEMORIA RAM,MODELO: KVA800D2N6,SERIAL: VIJMT-DHFMEI-DR2DB;;KVA800D2N6;;;;BUENO
2;0101;010;0634;MEMORIA RAM,MODELO: KVR800D2 NGI 1G,SERIAL: VIJV8THTM68-FR9DM;;KVR800D2 NGI 1G;;;;BUENO
2;0101;010;0635;MEMORIA RAM,MODELO: KVR300D2N6 1G,SERIAL: VILER-6MGM8D-XR7S6;;KVR300D2N6 1G;;;;BUENO
2;0101;010;0647;DISCO DURO, MARCA: SEAGATE,MODELO: ST3320413CS,SERIAL: 9VV24DMJ, COLOR: GRIS;SEAGATE;ST3320413CS;;;GRIS;MUY BUENO
2;0101;010;0651;DISCO DURO, MARCA: SEAGATE,MODELO: ST3320413CS,SERIAL: 9VV0RBJD, COLOR: GRIS;SEAGATE;ST3320413CS;;;GRIS;MUY BUENO
2;0101;011;0330;FUENTE DE PODER;;;;;;BUENO
2;0101;011;0331;FUENTE DE PODER;;;;;;MALO
2;0101;011;0638;FUENTE DE PODER,SERIAL: ATX-550JM;;;;;;BUENO
2;0101;011;0664;FUENTE DE PODER, MARCA: POWER SUPPLY,MODELO: ATX-550JM,SERIAL: ATX-550JM-3, COLOR: GRIS;POWER SUPPLY;ATX-550JM;;;GRIS;BUENO
2;0305;016;0475;CAMARA, MARCA: GENIUS,SERIAL: WJ1101103151;GENIUS;;;;;REGULAR
2;0305;016;0612;CAMARA DIGITAL, MARCA: SONY,SERIAL: 6720233, MATERIAL: METAL, COLOR: NEGRO;SONY;;;METAL;NEGRO;BUENO
2;0305;037;0096;ENCUADERNADORA, MARCA: QUICK ECLIPSE,SERIAL: 2004104476;QUICK ECLIPSE;;;;;MALO
2;0305;037;0586;ENCUADERNADORA, MARCA: BINMASTER DELUXE,SERIAL: H26806, COLOR: NEGRO;BINMASTER DELUXE;;;;NEGRO;MALO
2;0001;004;0333;ARCHIVO, COLOR: CHERRY CON NEGRO;;;;;CHERRY CON NEGRO;BUENO
2;0001;004;0351;ARCHIVO , MATERIAL: FORMICA, COLOR: NEGRO CON ROYAL CHERRY;;;;FORMICA;NEGRO CON ROYAL CHERRY;BUENO
2;0001;004;0491;FLIPPER, MATERIAL: FORMICA, COLOR: NEGRO CON TAPA COLOR CHERRY;;;;FORMICA;NEGRO CON TAPA COLOR CHERRY;BUENO
2;0001;012;0412;BIBLIOTECA, MATERIAL: FORMICA, COLOR: NEGRO;;;;FORMICA;NEGRO;BUENO
2;0001;020;0535;CARTELERA;;;;;;BUENO
2;0001;042;0084;ESCRITORIO, MATERIAL: FORMICA, COLOR: CHERRY CON NEGRO;;;;FORMICA;CHERRY CON NEGRO;BUENO
2;0001;042;0354;ESCRITORIO, MATERIAL: FORMICA, COLOR: NEGRO CON ROYAL CHERRY;;;;FORMICA;NEGRO CON ROYAL CHERRY;BUENO
2;0001;085;0537;PIZARRA ACRILICA;;;;;;BUENO
2;0001;100;0378;SACAPUNTA, MARCA: X-ACTO,MODELO: 18XX CN;X-ACTO;18XX CN;;;;BUENO
2;0001;102;0227;SILLA, MATERIAL: TELA, COLOR: NEGRO;;;;TELA;NEGRO;BUENO
2;0001;102;0357;SILLA CON BRAZOS, CON BASE NYLON SISTEMA NEUMATICO,MODELO: BRUSELA ERGONOMICA, MATERIAL: TELA, COLOR: NEGRO;;BRUSELA ERGONOMICA;;TELA;NEGRO;REGULAR
2;0001;102;0402;SILLA,MODELO: GENOVA, MATERIAL: TELA, COLOR: NEGRA;;GENOVA;;TELA;NEGRA;BUENO
2;0001;102;0403;SILLA,MODELO: GENOVA, MATERIAL: TELA, COLOR: NEGRA;;GENOVA;;TELA;NEGRA;BUENO
2;0001;102;0606;SILLA,MODELO: SECRETARIAL, MATERIAL: TELA, COLOR: NEGRO;;SECRETARIAL;;TELA;NEGRO;BUENO
2;0001;105;0374;SUMADORA, MARCA: CASIO,MODELO: DR.140TM,SERIAL: 620AQ87EA038787;CASIO;DR.140TM;;;;BUENO
2;0001;105;0375;SUMADORA, MARCA: CASIO,MODELO: DR.140TM,SERIAL: 620AQ87EA038788;CASIO;DR.140TM;;;;BUENO
2;0001;108;0315;TELEFONO, MARCA: PANASONIC,MODELO: KX-TS500LXB,SERIAL: 71AAC838645, COLOR: NEGRO;PANASONIC;KX-TS500LXB;;;NEGRO;BUENO
2;0001;114;0360;PORTA CPU, COLOR: NEGRO;;;;;NEGRO;BUENO
2;0001;114;0407;PORTA CPU;;;;;;BUENO
2;0005;003;0176;ANTENA (TARJETA DE RED), MARCA: PCI LINKSYS,MODELO: 2,4 GHZ WMP54G-LA,SERIAL: MDI407125020;PCI LINKSYS;2,4 GHZ WMP54G-LA;;;;BUENO
2;0005;003;0671;ANTENA,SERIAL: 5C36EE35AA8F;;;;;;BUENO
2;0010;001;0275;EQUIPO DE AIRE ACONDICIONADO,SERIAL: B732226158607517400035;;;;;;MALO
2;0101;001;0386;COMPUTADOR CPU, MARCA: TECH,MODELO: ATX MICRO ATX MB,SERIAL: 89MOX1052771;TECH;ATX MICRO ATX MB;;;;BUENO
2;0101;001;0670;COMPUTADOR (CPU), MARCA: HP,SERIAL: MXL31219Q0;HP;;;;;BUENO
2;0101;002;0285;CORNETA, MARCA: TECH,MODELO: GB80135,SERIAL: 2L728A213;TECH;GB80135;;;;MALO
2;0101;003;0042;IMPRESORA, MARCA: HP-F380,MODELO: MULTIFUNCIONAL SDG10B-0601,SERIAL: CN64QF509Z, COLOR: BEIGE;HP-F380;MULTIFUNCIONAL SDG10B-0601;;;BEIGE;BUENO
2;0101;004;0673;MOUSE, MARCA: NEXCOM,SERIAL: EANBRFNROW8IOP;NEXCOM;;;;;BUENO
2;0101;005;0294;MONITOR, MARCA: ENVISION,MODELO: H17OL,SERIAL: 90868CA007626;ENVISION;H17OL;;;;MALO
2;0101;005;0390;MONITOR, MARCA: SAMSUNG,MODELO: LS17PENSF/XBM,SERIAL: PE17HVKQA01773J;SAMSUNG;LS17PENSF/XBM;;;;REGULAR
2;0101;005;0669;MONITOR, MARCA: HP,SERIAL: CNC05007W3;HP;;;;;BUENO
2;0101;006;0135;REGULADOR, MARCA: FORZA,MODELO: UR100FOR01,SERIAL: 076090002819;FORZA;UR100FOR01;;;;BUENO
2;0101;007;0672;TECLADO, MARCA: NEXCOM,SERIAL: M4KJ3Q2SVDV3ZB;NEXCOM;;;;;BUENO
2;0101;008;0530;UPS, MARCA: ISONIC,SERIAL: E110555434;ISONIC;;;;;BUENO
2;0101;008;0531;UPS, MARCA: ISONIC,SERIAL: E110555433;ISONIC;;;;;MALO
2;0101;011;0665;FUENTE DE PODER, MARCA: POWER SUPPLY,MODELO: ATX-550JM,SERIAL: ATX-550JM-4, COLOR: GRIS;POWER SUPPLY;ATX-550JM;;;GRIS;MALO
2;0101;011;0666;FUENTE DE PODER, MARCA: POWER SUPPLY,MODELO: ATX-550JM,SERIAL: ATX-550JM-5, COLOR: GRIS;POWER SUPPLY;ATX-550JM;;;GRIS;BUENO
2;0001;004;0208;ARCHIVADOR, MATERIAL: FORMICA, COLOR: NEGRO Y ROYAL CHERRY;;;;FORMICA;NEGRO Y ROYAL CHERRY;BUENO
2;0001;004;0210;ARCHIVADOR, COLOR: NEGRO Y ROYAL CHERRY;;;;;NEGRO Y ROYAL CHERRY;BUENO
2;0001;004;0213;ARCHIVADOR, COLOR: NEGRO Y ROYAL CHERRY;;;;;NEGRO Y ROYAL CHERRY;BUENO
2;0001;004;0593;ARCHIVO, MATERIAL: FORMICA, COLOR: CHERRY;;;;FORMICA;CHERRY;MUY BUENO
2;0001;042;0150;ESCRITORIO, MATERIAL: FORMICA/METAL, COLOR: ROYAL CHERRY;;;;FORMICA/METAL;ROYAL CHERRY;BUENO
2;0001;042;0589;ESCRITORIO, MATERIAL: FORMICA, COLOR: NEGRO CON ROYAL CHERRY;;;;FORMICA;NEGRO CON ROYAL CHERRY;BUENO
2;0001;102;0153;SILLA, MATERIAL: TELA, COLOR: NEGRO;;;;TELA;NEGRO;BUENO
2;0001;102;0157;SILLA, MATERIAL: TELA, COLOR: NEGRO;;;;TELA;NEGRO;BUENO
2;0001;102;0592;SILLA, MATERIAL: TELA, COLOR: NEGRA;;;;TELA;NEGRA;BUENO
2;0001;114;0244;PORTA CPU., MATERIAL: FORMICA, COLOR: NEGRO;;;;FORMICA;NEGRO;BUENO
2;0005;003;0165;ANTENA (TARJETA DE RED), MARCA: PCI LINKSYS,MODELO: 2,4 GHZ WMP54G-LA,SERIAL: MDI30F478806;PCI LINKSYS;2,4 GHZ WMP54G-LA;;;;MALO
2;0005;003;0557;ANTENA,SERIAL: NW122NXT120909200758;;;;;;BUENO
2;0101;001;0556;COMPUTADOR,SERIAL: 105NDWE99345;;;;;;BUENO
2;0101;002;0120;CORNETAS, MARCA: AITEG,MODELO: SP-168,SERIAL: S40004, COLOR: NEGRO;AITEG;SP-168;;;NEGRO;MALO
2;0101;004;0126;MOUSE OPTICAL, MARCA: AITEG,MODELO: UM-2068,SERIAL: 607707632, COLOR: NEGRO;AITEG;UM-2068;;;NEGRO;BUENO
2;0101;005;0051;MONITOR, MARCA: SAMSUNG 17,MODELO: SYNCMASTER 793S,SERIAL: LB17HCGL702821F;SAMSUNG 17;SYNCMASTER 793S;;;;MALO
2;0101;006;0134;REGULADOR, MARCA: FORZA,MODELO: UR100FOR01,SERIAL: 076090002820;FORZA;UR100FOR01;;;;BUENO
2;0101;007;0138;TECLADO, MARCA: APSU,MODELO: PS2,SERIAL: 016080253666;APSU;PS2;;;;REGULAR
2;0101;007;0616;TECLADO, MARCA: GENIUS,MODELO: KM-220,SERIAL: ZM2620007020, MATERIAL: PLASTICO, COLOR: NEGRO;GENIUS;KM-220;;PLASTICO;NEGRO;BUENO
2;0101;009;0278;COMPUTADOR, MARCA: LENOVO,MODELO: PENTIUM A 8922,SERIAL: L3-AP470;LENOVO;PENTIUM A 8922;;;;BUENO
2;0305;016;0276;CAMARA, MARCA: HP PHOTOSMART E327,SERIAL: CN65X3422N;HP PHOTOSMART E327;;;;;BUENO
2;0702;026;0146;PROYECTOR DE PELICULA (VIDEO BIM), MARCA: BENQ ,MODELO: MP610,SERIAL: PDD7600135SUO;BENQ;MP610;;;;BUENO
2;0001;004;0218;ARCHIVADOR, MATERIAL: MADERA/FORMICA, COLOR: NEGRO Y ROYAL CHERRY;;;;MADERA/FORMICA;NEGRO Y ROYAL CHERRY;BUENO
2;0001;004;0347;ARTURITO, MATERIAL: MADERA/FORMICA, COLOR: NEGRO CON ROYAL CHERRY;;;;MADERA/FORMICA;NEGRO CON ROYAL CHERRY;BUENO
2;0001;042;0311;ESCRITORIO, MATERIAL: FORMICA/METAL, COLOR: NEGRA;;;;FORMICA/METAL;NEGRA;BUENO
2;0001;042;0640;ESCRITORIO,MODELO: POSFORMABLES, MATERIAL: MDF, COLOR: CHERRY CON NEGRO;;POSFORMABLES;;MDF;CHERRY CON NEGRO;MUY BUENO
2;0001;102;0355;SILLA CON BRAZOS, CON BASE NYLON SISTEMA NEUMATICO,MODELO: BRUSELA ERGONOMICA, MATERIAL: TELA, COLOR: NEGRO;;BRUSELA ERGONOMICA;;TELA;NEGRO;BUENO
2;0001;102;0643;SILLA SECRETARIAL, MATERIAL: METAL/TELA, COLOR: NEGRO;;;;METAL/TELA;NEGRO;BUENO
2;0001;105;0575;SUMADORA, MARCA: CASIO,MODELO: DR120TM,SERIAL: 360AL18DA004725;CASIO;DR120TM;;;;BUENO
2;0001;105;0576;SUMADORA, MARCA: CASIO,MODELO: FR-265OT DE 12 DIGITS,SERIAL: 356AL12DA030890;CASIO;FR-265OT DE 12 DIGITS;;;;BUENO
2;0001;114;0252;PORTA CPU., MATERIAL: FORMICA, COLOR: NEGRO;;;;FORMICA;NEGRO;BUENO
2;0001;114;0363;PORTA CPU, MATERIAL: PLASTICO, COLOR: NEGRO;;;;PLASTICO;NEGRO;BUENO
2;0005;003;0416;TARJETA DE RED,SERIAL: 097279592;;;;;;BUENO
2;0005;003;0546;ANTENA,SERIAL: NW122NXT120909200759;;;;;;BUENO
2;0101;001;0032;COMPUTADOR, MARCA: S/M,MODELO: 2.66 GHD101DDRR512MB DD80GBDVD,SERIAL: IAS6217LC00015;S/M;2.66 GHD101DDRR512MB DD80GBDVD;;;;MALO
2;0101;001;0184;COMPUTADOR(CPU) CON DVD Y FLOPPY,MODELO: 3.0 GHZ TM 102 DD80GBSATA,SERIAL: 3a2335BX80552631SL9KG;;3.0 GHZ TM 102 DD80GBSATA;;;;BUENO
2;0101;001;0387;COMPUTADOR CPU, MARCA: XTECH,MODELO: ATX MICRO ATX MB,SERIAL: 89MOX1052773;XTECH;ATX MICRO ATX MB;;;;MALO
2;0101;001;0452;COMPUTADOR CPU,SERIAL: 003067A59278;;;;;;BUENO
2;0101;004;0551;MOUSE, MARCA: MAXELL,MODELO: MOWR-101,SERIAL: 021354041AC05469, COLOR: NEGRO CON GRIS;MAXELL;MOWR-101;;;NEGRO CON GRIS;BUENO
2;0101;005;0391;MONITOR, MARCA: SAMSUNG,MODELO: LS17PENSF/XBM,SERIAL: PE17HVKQA00369T;SAMSUNG;LS17PENSF/XBM;;;;BUENO
2;0101;005;0455;MONITOR , MARCA: ACER,MODELO: V183HL,SERIAL: ETLKF0D001043033DC8501, COLOR: NEGRO;ACER;V183HL;;;NEGRO;BUENO
2;0101;007;0562;TECLADO, MARCA: GENIUS,MODELO: GK-070008/U,SERIAL: ZCE171000137, COLOR: NEGRO;GENIUS;GK-070008/U;;;NEGRO;BUENO
2;0101;008;0596;UPS, MARCA: ISONIC,MODELO: 1000VA,SERIAL: E1201026789, MATERIAL: METAL, COLOR: NEGRO;ISONIC;1000VA;;METAL;NEGRO;BUENO
2;0101;008;0599;UPS, MARCA: ISONIC,MODELO: 1000VA,SERIAL: E1201026538, MATERIAL: METAL, COLOR: NEGRO;ISONIC;1000VA;;METAL;NEGRO;BUENO
2;0101;010;0328;DISCO DURO,MODELO: HD250HJ,SERIAL: SOURJ1BQ700743;;HD250HJ;;;;BUENO
2;0101;010;0521;DISCO, MARCA: SEAGATE,SERIAL: W2A01EAP;SEAGATE;;;;;MALO
2;0101;010;0653;MEMORIA RAM, MARCA: KINGSTON, COLOR: VERDE;KINGSTON;;;;VERDE;BUENO